id,language,domain,template_html,title,source,license_redistribution_note
1,en,Gov. & Public Svc.,workflow/0-html_template/data_en/1.html,U.S. Passport Renewal Application for Eligible Individuals,U.S. Department of State: https://eforms.state.gov/Forms/ds82_pdf.PDF,Source-site terms apply. Original source document is not redistributed by NEST.
2,en,Gov. & Public Svc.,workflow/0-html_template/data_en/2.html,Statement of Consent: U.S. Passport Issuance to a Child,U.S. Department of State: https://travel.state.gov/,Source-site terms apply. Original source document is not redistributed by NEST.
3,en,Gov. & Public Svc.,workflow/0-html_template/data_en/3.html,Statement of Non-Receipt of a U.S. Passport,U.S. Department of State: https://travel.state.gov/,Source-site terms apply. Original source document is not redistributed by NEST.
4,en,Gov. & Public Svc.,workflow/0-html_template/data_en/4.html,Request for Entry into Children's Passport Issuance Alert Program,U.S. Department of State: https://travel.state.gov/,Source-site terms apply. Original source document is not redistributed by NEST.
5,en,Business,workflow/0-html_template/data_en/5.html,PURCHASE ORDER,Source Websites: Vertex42 (https://www.vertex42.com/); Template.net (https://www.template.net/),Source-site terms apply. Original source document is not redistributed by NEST.
6,en,Business,workflow/0-html_template/data_en/6.html,Bill of Lading,Source Websites: Vertex42 (https://www.vertex42.com/); Template.net (https://www.template.net/),Source-site terms apply. Original source document is not redistributed by NEST.
7,en,Finance,workflow/0-html_template/data_en/7.html,Income Statement,Source Websites: Vertex42 (https://www.vertex42.com/); Template.net (https://www.template.net/),Source-site terms apply. Original source document is not redistributed by NEST.
8,en,Healthcare,workflow/0-html_template/data_en/8.html,Caregiver's checklist,Source Websites: Vertex42 (https://www.vertex42.com/); Template.net (https://www.template.net/),Source-site terms apply. Original source document is not redistributed by NEST.
9,en,Business,workflow/0-html_template/data_en/9.html,Receipt,Source Websites: Vertex42 (https://www.vertex42.com/); Template.net (https://www.template.net/),Source-site terms apply. Original source document is not redistributed by NEST.
10,en,Finance,workflow/0-html_template/data_en/10.html,Customer Refund Request Form,Source Websites: Vertex42 (https://www.vertex42.com/); Template.net (https://www.template.net/),Source-site terms apply. Original source document is not redistributed by NEST.
11,en,Business,workflow/0-html_template/data_en/11.html,DIGITAL PURCHASE ORDER,Source Websites: Vertex42 (https://www.vertex42.com/); Template.net (https://www.template.net/),Source-site terms apply. Original source document is not redistributed by NEST.
12,en,Education,workflow/0-html_template/data_en/12.html,DRIVING SCHOOL APPLICATION FORM SELF-CERTIFICATION PROGRAM,Source Websites: Vertex42 (https://www.vertex42.com/); Template.net (https://www.template.net/),Source-site terms apply. Original source document is not redistributed by NEST.
13,en,Education,workflow/0-html_template/data_en/13.html,NOTICE OF INTENT TO CONDUCT DMV's 30-HOUR BASIC INSTRUCTOR's COURSE,New York State: https://dmv.ny.gov/,Source-site terms apply. Original source document is not redistributed by NEST.
14,en,Education,workflow/0-html_template/data_en/14.html,"NOTICE OF ENROLLED,COMPLETED,AND DROPPED STUDENTS OF DMV'S 30-HOUR BASIC INSTRUCTOR’S COURSE",New York State: https://dmv.ny.gov/,Source-site terms apply. Original source document is not redistributed by NEST.
15,en,Education,workflow/0-html_template/data_en/15.html,Driving School Instructor Application Checklist,New York State Department of Motor Vehicles: https://dmv.ny.gov/forms/dtp423.pdf,Source-site terms apply. Original source document is not redistributed by NEST.
16,en,Education,workflow/0-html_template/data_en/16.html,CERTIFICATION OF DRIVING SCHOOL INSTRUCTOR TEST RESULTS,Source Websites: Vertex42 (https://www.vertex42.com/); Template.net (https://www.template.net/),Source-site terms apply. Original source document is not redistributed by NEST.
17,en,Gov. & Public Svc.,workflow/0-html_template/data_en/17.html,REQUEST FOR SECURE DOCUMENTS,New York State: https://dmv.ny.gov/,Source-site terms apply. Original source document is not redistributed by NEST.
18,en,Gov. & Public Svc.,workflow/0-html_template/data_en/18.html,Electronic Lien Transfer Application Form,Source Websites: Vertex42 (https://www.vertex42.com/); Template.net (https://www.template.net/),Source-site terms apply. Original source document is not redistributed by NEST.
19,en,Finance,workflow/0-html_template/data_en/19.html,Occupational Tax and Registration Return for Wagering,Source Websites: Vertex42 (https://www.vertex42.com/); Template.net (https://www.template.net/),Source-site terms apply. Original source document is not redistributed by NEST.
20,en,Finance,workflow/0-html_template/data_en/20.html,Paid Preparer Information Form,Source Websites: Vertex42 (https://www.vertex42.com/); Template.net (https://www.template.net/),Source-site terms apply. Original source document is not redistributed by NEST.
21,en,Finance,workflow/0-html_template/data_en/21.html,Collection Information Statement,Source Websites: Vertex42 (https://www.vertex42.com/); Template.net (https://www.template.net/),Source-site terms apply. Original source document is not redistributed by NEST.
22,en,Finance,workflow/0-html_template/data_en/22.html,Installment Agreement Request,U.S. Internal Revenue Service: https://www.irs.gov/pub/irs-pdf/f9465.pdf,Federal-employee-created IRS.gov content is not subject to U.S. copyright and may be copied. Original source document is not redistributed by NEST.
23,en,Finance,workflow/0-html_template/data_en/23.html,Estimate of Auto Repairs,Source Websites: Vertex42 (https://www.vertex42.com/); Template.net (https://www.template.net/),Source-site terms apply. Original source document is not redistributed by NEST.
24,en,Finance,workflow/0-html_template/data_en/24.html,FINANCIAL SECURITY EXEMPTION APPLICATION-STORAGE,New York State: https://dmv.ny.gov/,Source-site terms apply. Original source document is not redistributed by NEST.
25,en,Gov. & Public Svc.,workflow/0-html_template/data_en/25.html,CERTIFICATE OF REMOVAL OF VEHICLE FROM UNITED STATES AND CANADA,Source Websites: Vertex42 (https://www.vertex42.com/); Template.net (https://www.template.net/),Source-site terms apply. Original source document is not redistributed by NEST.
26,en,Gov. & Public Svc.,workflow/0-html_template/data_en/26.html,Power of Attorney Authorization for International Registration Plan Business,New York State: https://dmv.ny.gov/,Source-site terms apply. Original source document is not redistributed by NEST.
27,en,Gov. & Public Svc.,workflow/0-html_template/data_en/27.html,REQUEST FORM (ATTACHMENT B),Source Websites: Vertex42 (https://www.vertex42.com/); Template.net (https://www.template.net/),Source-site terms apply. Original source document is not redistributed by NEST.
28,en,Finance,workflow/0-html_template/data_en/28.html,Request for Taxpayer Advocate Service Assistance (and Application for Taxpayer Assistance Order),Source Websites: Vertex42 (https://www.vertex42.com/); Template.net (https://www.template.net/),Source-site terms apply. Original source document is not redistributed by NEST.
29,en,Business,workflow/0-html_template/data_en/29.html,IRP REGISTRATION AUTHORIZATION INFORMATION,Source Websites: Vertex42 (https://www.vertex42.com/); Template.net (https://www.template.net/),Source-site terms apply. Original source document is not redistributed by NEST.
30,en,Finance,workflow/0-html_template/data_en/30.html,"STATEMENT OF OWNERSHIP FOR NON-TITLED VEHICLES, BOATS,SNOWMOBILES AND ALL-TERRAIN VEHICLES",Source Websites: Vertex42 (https://www.vertex42.com/); Template.net (https://www.template.net/),Source-site terms apply. Original source document is not redistributed by NEST.
31,en,Finance,workflow/0-html_template/data_en/31.html,Taxable Fuel Bond (For use to post bond under section 4101),U.S. Internal Revenue Service: https://www.irs.gov/pub/irs-pdf/f637.pdf,Federal-employee-created IRS.gov content is not subject to U.S. copyright and may be copied. Original source document is not redistributed by NEST.
32,en,Finance,workflow/0-html_template/data_en/32.html,Corporate Dissolution or Liquidation (Required under section 6043(a)of the Internal Revenue Code),Source Websites: Vertex42 (https://www.vertex42.com/); Template.net (https://www.template.net/),Source-site terms apply. Original source document is not redistributed by NEST.
33,en,Gov. & Public Svc.,workflow/0-html_template/data_en/33.html,Title VI Complaint Form,New York State: https://dmv.ny.gov/,Source-site terms apply. Original source document is not redistributed by NEST.
34,en,Finance,workflow/0-html_template/data_en/34.html,Application for Extension of Time for Payment of Tax Due to Undue Hardship,Source Websites: Vertex42 (https://www.vertex42.com/); Template.net (https://www.template.net/),Source-site terms apply. Original source document is not redistributed by NEST.
35,en,Finance,workflow/0-html_template/data_en/35.html,Statement of Person Claiming Refund Due a Deceased Taxpayer,Source Websites: Vertex42 (https://www.vertex42.com/); Template.net (https://www.template.net/),Source-site terms apply. Original source document is not redistributed by NEST.
36,en,Finance,workflow/0-html_template/data_en/36.html,Personal Financial Statement,Source Websites: Vertex42 (https://www.vertex42.com/); Template.net (https://www.template.net/),Source-site terms apply. Original source document is not redistributed by NEST.
37,en,Business,workflow/0-html_template/data_en/37.html,Standard Operating Procedure Template,Source Websites: Vertex42 (https://www.vertex42.com/); Template.net (https://www.template.net/),Source-site terms apply. Original source document is not redistributed by NEST.
38,en,Business,workflow/0-html_template/data_en/38.html,Standard Operating Procedure Template,Source Websites: Vertex42 (https://www.vertex42.com/); Template.net (https://www.template.net/),Source-site terms apply. Original source document is not redistributed by NEST.
39,en,Business,workflow/0-html_template/data_en/39.html,Personal Information Form,Source Websites: Vertex42 (https://www.vertex42.com/); Template.net (https://www.template.net/),Source-site terms apply. Original source document is not redistributed by NEST.
40,en,Finance,workflow/0-html_template/data_en/40.html,Form W-2 Wage and Tax Statement,U.S. Internal Revenue Service: https://www.irs.gov/pub/irs-pdf/fw2.pdf,Federal-employee-created IRS.gov content is not subject to U.S. copyright and may be copied. Original source document is not redistributed by NEST.
41,en,Finance,workflow/0-html_template/data_en/41.html,Request for Copy of Tax Return,U.S. Internal Revenue Service: https://www.irs.gov/pub/irs-pdf/f4506.pdf,Federal-employee-created IRS.gov content is not subject to U.S. copyright and may be copied. Original source document is not redistributed by NEST.
42,en,Finance,workflow/0-html_template/data_en/42.html,Power of Attorney and Declaration of Representative,U.S. Internal Revenue Service: https://www.irs.gov/pub/irs-pdf/f2848.pdf,Federal-employee-created IRS.gov content is not subject to U.S. copyright and may be copied. Original source document is not redistributed by NEST.
43,en,Finance,workflow/0-html_template/data_en/43.html,Application for Employer Identification Number,Source Websites: Vertex42 (https://www.vertex42.com/); Template.net (https://www.template.net/),Source-site terms apply. Original source document is not redistributed by NEST.
44,en,Finance,workflow/0-html_template/data_en/44.html,Application for IRS Individual Taxpayer Identification Number,Source Websites: Vertex42 (https://www.vertex42.com/); Template.net (https://www.template.net/),Source-site terms apply. Original source document is not redistributed by NEST.
45,en,Finance,workflow/0-html_template/data_en/45.html,Application for Enrollment to Practice Before the Internal Revenue Service,U.S. Internal Revenue Service: https://www.irs.gov/pub/irs-pdf/f23.pdf,Federal-employee-created IRS.gov content is not subject to U.S. copyright and may be copied. Original source document is not redistributed by NEST.
46,en,Finance,workflow/0-html_template/data_en/46.html,Notice Concerning Fiduciary Relationship (Internal Revenue Code Sections 6036 and 6903),U.S. Internal Revenue Service: https://www.irs.gov/pub/irs-pdf/f56.pdf,Federal-employee-created IRS.gov content is not subject to U.S. copyright and may be copied. Original source document is not redistributed by NEST.
47,en,Finance,workflow/0-html_template/data_en/47.html,"Notice Concerning Fiduciary Relationship of Financial Institution ( Internal Revenue Code sections 6036,6402,and 6903)",Source Websites: Vertex42 (https://www.vertex42.com/); Template.net (https://www.template.net/),Source-site terms apply. Original source document is not redistributed by NEST.
48,en,Finance,workflow/0-html_template/data_en/48.html,Installment Agreement,U.S. Internal Revenue Service: https://www.irs.gov/pub/irs-pdf/f433d.pdf,Federal-employee-created IRS.gov content is not subject to U.S. copyright and may be copied. Original source document is not redistributed by NEST.
49,en,Finance,workflow/0-html_template/data_en/49.html,Certificate of Payment of Foreign Death Tax,Source Websites: Vertex42 (https://www.vertex42.com/); Template.net (https://www.template.net/),Source-site terms apply. Original source document is not redistributed by NEST.
50,en,Finance,workflow/0-html_template/data_en/50.html,Application for Registration (For Certain Excise Tax Activities),Source Websites: Vertex42 (https://www.vertex42.com/); Template.net (https://www.template.net/),Source-site terms apply. Original source document is not redistributed by NEST.
51,en,Gov. & Public Svc.,workflow/0-html_template/data_en/51.html,TOOL SIGN OUT LOG/REGISTER,TemplateRoller: https://www.templateroller.com/template/248422/da-form-5519-r-tool-sign-out-log-register.html,Source-site terms apply. Original source document is not redistributed by NEST.
52,en,Healthcare,workflow/0-html_template/data_en/52.html,AUTHORIZATION FOR DISCLOSURE OF MEDICAL OR DENTAL INFORMATION,U.S. Department of Defense: https://www.esd.whs.mil/Portals/54/Documents/DD/forms/dd/dd2870.pdf,Source-site terms apply. Original source document is not redistributed by NEST.
53,en,Healthcare,workflow/0-html_template/data_en/53.html,Blood Pressure Self-Monitoring Chart,Intermountain Heart Center: https://www.intermountainheartcenter.com/,Source-site terms apply. Original source document is not redistributed by NEST.
54,en,Finance,workflow/0-html_template/data_en/54.html,Application for Employer Identification Number,U.S. Internal Revenue Service: https://www.irs.gov/pub/irs-pdf/fss4.pdf,Federal-employee-created IRS.gov content is not subject to U.S. copyright and may be copied. Original source document is not redistributed by NEST.
55,en,Business,workflow/0-html_template/data_en/55.html,BILL OF SALE,PrintableCashReceipts.com: https://www.printablecashreceipts.com/,Source-site terms apply. Original source document is not redistributed by NEST.
56,en,Finance,workflow/0-html_template/data_en/56.html,Rental Property Damage Invoice,PrintableInvoiceTemplates.net: https://www.printableinvoicetemplates.net/preview/Yellow_Border_Blank_Invoice_Template,"Savetz Publishing permits personal, organizational, or business use and modification, but redistribution requires prior written permission. Original source document is not redistributed by NEST."
57,en,Finance,workflow/0-html_template/data_en/57.html,Trump Account Election(s),U.S. Internal Revenue Service: https://www.irs.gov/forms-pubs/about-form-4547,Federal-employee-created IRS.gov content is not subject to U.S. copyright and may be copied. Original source document is not redistributed by NEST.
58,en,Gov. & Public Svc.,workflow/0-html_template/data_en/58.html,REQUEST FOR ARMED FORCES PARTICIPATION IN PUBLIC EVENTS (NON-AVIATION),U.S. Department of Defense: https://www.esd.whs.mil/Portals/54/Documents/DD/forms/dd/dd2536.pdf,Source-site terms apply. Original source document is not redistributed by NEST.
59,en,Business,workflow/0-html_template/data_en/59.html,Request for Quotation,PrintableInvoiceTemplates.net: https://www.printableinvoicetemplates.net/preview/Yellow_Border_Blank_Invoice_Template,"Savetz Publishing permits personal, organizational, or business use and modification, but redistribution requires prior written permission. Original source document is not redistributed by NEST."
60,en,Business,workflow/0-html_template/data_en/60.html,MOVING ESTIMATE,PrintableInvoiceTemplates.net: https://www.printableinvoicetemplates.net/preview/Yellow_Border_Blank_Invoice_Template,"Savetz Publishing permits personal, organizational, or business use and modification, but redistribution requires prior written permission. Original source document is not redistributed by NEST."
61,en,Business,workflow/0-html_template/data_en/61.HTML,Quotation,Baidu Wenku: https://wenku.baidu.com/tfview/0fa87e31bcd5b9f3f90f76c66137ee06eff94eb2?keyword=%E4%B8%AD%E8%8B%B1%E6%96%87%E5%A4%96%E8%B4%B8%E6%8A%A5%E4%BB%B7%E5%8D%95&fr=launch_ad&SS-bdtg47=&utm_source=bdss-WD&utm_medium=cpc&utm_account=SS-bdtg47&utm_term=2&utm_content=1&e_creative=123062069369&e_keywordid=467991937785&bd_vid=6685007478634961766&reqidFail=0&is_query_reqid=1&isQueryIdDoc=1&rank_mode=1&_wkts_=1776212712440,Source-site terms apply. Original source document is not redistributed by NEST.
62,en,Business,workflow/0-html_template/data_en/62.html,Quotation Sheet,Baidu Wenku: https://wenku.baidu.com/tfview/6899072ff605cc1755270722192e453611665b49?_wkts_=1776212950089,Source-site terms apply. Original source document is not redistributed by NEST.
63,en,Business,workflow/0-html_template/data_en/63.html,QUOTATION,Baidu Wenku: https://wenku.baidu.com/tfview/949d49a9d1f34693daef3e72?_wkts_=1776213115675,Source-site terms apply. Original source document is not redistributed by NEST.
64,en,Healthcare,workflow/0-html_template/data_en/64.html,HUMAN RESOURCES DIVISION REQUEST FOR EMERGENCY MEDICAL TECHNICIAN SELECTIVE CERTIFICATION,SampleTemplates: https://www.sampletemplates.com/,Source-site terms apply. Original source document is not redistributed by NEST.
65,en,Business,workflow/0-html_template/data_en/65.html,Tenant Acknowledgment of Receipt of Rental Occupancy Policies: Tenant Handbook & Appendices 1-10,SampleTemplates: https://www.sampletemplates.com/,Source-site terms apply. Original source document is not redistributed by NEST.
66,en,Healthcare,workflow/0-html_template/data_en/66.html,EMT Licensure Application,SampleTemplates: https://www.sampletemplates.com/,Source-site terms apply. Original source document is not redistributed by NEST.
67,en,Business,workflow/0-html_template/data_en/67.html,Form W-9 (Rev. March 2024),SampleTemplates: https://www.sampletemplates.com/,Source-site terms apply. Original source document is not redistributed by NEST.
68,en,Finance,workflow/0-html_template/data_en/68.html,Application for IRS Individual Taxpayer Identification Number,U.S. Internal Revenue Service: https://www.irs.gov/pub/irs-pdf/fw7.pdf,Federal-employee-created IRS.gov content is not subject to U.S. copyright and may be copied. Original source document is not redistributed by NEST.
69,en,Business,workflow/0-html_template/data_en/69.html,Event Venue Booking Application,SampleTemplates: https://www.sampletemplates.com/,Source-site terms apply. Original source document is not redistributed by NEST.
70,en,Business,workflow/0-html_template/data_en/70.html,Venue Hire Cost Worksheet,SampleTemplates: https://www.sampletemplates.com/,Source-site terms apply. Original source document is not redistributed by NEST.
71,en,Finance,workflow/0-html_template/data_en/71.html,Receipt,Microsoft Create: https://excel.cloud.microsoft/,Source-site terms apply. Original source document is not redistributed by NEST.
72,en,Finance,workflow/0-html_template/data_en/72.html,Credit Note,Microsoft Create: https://excel.cloud.microsoft/,Source-site terms apply. Original source document is not redistributed by NEST.
73,en,Business,workflow/0-html_template/data_en/73.html,Time & Materials Invoice,Microsoft Create: https://excel.cloud.microsoft/,Source-site terms apply. Original source document is not redistributed by NEST.
74,en,Business,workflow/0-html_template/data_en/74.html,Invoice,Microsoft Create: https://excel.cloud.microsoft/,Source-site terms apply. Original source document is not redistributed by NEST.
75,en,Business,workflow/0-html_template/data_en/75.html,MEETING MINUTES,Microsoft Create: https://word.cloud.microsoft/,Source-site terms apply. Original source document is not redistributed by NEST.
76,en,Business,workflow/0-html_template/data_en/76.html,HOA MEETING MINUTES,Microsoft Create: https://word.cloud.microsoft/,Source-site terms apply. Original source document is not redistributed by NEST.
77,en,Business,workflow/0-html_template/data_en/77.html,Commercial Invoice,Template.net: https://www.template.net/,Template.net permits personal or business use under a non-transferable license and prohibits template redistribution. Original source document is not redistributed by NEST.
78,en,Healthcare,workflow/0-html_template/data_en/78.html,EMT-BASIC TRAINING PROGRAM EQUIVALENCY FORM,SampleTemplates: https://www.sampletemplates.com/,Source-site terms apply. Original source document is not redistributed by NEST.
79,en,Healthcare,workflow/0-html_template/data_en/79.html,EMT Student Prerequisite Medical Requirements,Los Angeles County Department of Health Services: https://www.ladhs.org/clinics/,Source-site terms apply. Original source document is not redistributed by NEST.
80,en,Healthcare,workflow/0-html_template/data_en/80.html,Hepatitis B Vaccine Verification,SampleTemplates: https://www.sampletemplates.com/,Source-site terms apply. Original source document is not redistributed by NEST.
81,en,Business,workflow/0-html_template/data_en/81.html,OFFICE LEASE,SampleTemplates: https://www.sampletemplates.com/,Source-site terms apply. Original source document is not redistributed by NEST.
82,en,Healthcare,workflow/0-html_template/data_en/82.html,Physical & Mask Fit Testing Clearance Form (To be completed by physician or authorized provider),SampleTemplates: https://www.sampletemplates.com/,Source-site terms apply. Original source document is not redistributed by NEST.
83,en,Education,workflow/0-html_template/data_en/83.html,Program Attendance Roster,SampleTemplates: https://www.sampletemplates.com/,Source-site terms apply. Original source document is not redistributed by NEST.
84,en,Education,workflow/0-html_template/data_en/84.html,CEP Class Attendance Roster,SampleTemplates: https://www.sampletemplates.com/,Source-site terms apply. Original source document is not redistributed by NEST.
85,en,Business,workflow/0-html_template/data_en/85.html,Individual Responsibility Agreement (IRA),SampleTemplates: https://www.sampletemplates.com/,Source-site terms apply. Original source document is not redistributed by NEST.
86,en,Workplace / HR,workflow/0-html_template/data_en/86.HTML,Weekly Time Card With Lunch,PrintableTimeCards.com: https://www.printabletimecards.com/preview/Weekly_Time_Card_With_Lunch,"Savetz Publishing permits personal, organizational, or business use and modification, but redistribution requires prior written permission. Original source document is not redistributed by NEST."
87,en,Workplace / HR,workflow/0-html_template/data_en/87.HTML,Semi-Monthly Vintage Time Card,PrintableTimeCards.com: https://www.printabletimecards.com/preview/Semi-Monthly_Vintage_Time_Card,"Savetz Publishing permits personal, organizational, or business use and modification, but redistribution requires prior written permission. Original source document is not redistributed by NEST."
88,en,Workplace / HR,workflow/0-html_template/data_en/88.HTML,Driving Log,PrintableTimeCards.com: https://www.printabletimecards.com/preview/Truck_Driving_Log,"Savetz Publishing permits personal, organizational, or business use and modification, but redistribution requires prior written permission. Original source document is not redistributed by NEST."
89,en,Workplace / HR,workflow/0-html_template/data_en/89.HTML,Community Service Time Card,PrintableTimeCards.com: https://www.printabletimecards.com/preview/Community_Service_Time_Card,"Savetz Publishing permits personal, organizational, or business use and modification, but redistribution requires prior written permission. Original source document is not redistributed by NEST."
90,en,Workplace / HR,workflow/0-html_template/data_en/90.HTML,September Time Card,PrintableTimeCards.com: https://www.printabletimecards.com/preview/September_Time_Card,"Savetz Publishing permits personal, organizational, or business use and modification, but redistribution requires prior written permission. Original source document is not redistributed by NEST."
91,en,Gov. & Public Svc.,workflow/0-html_template/data_en/91.html,East Kowloon Cultural Centre Application for Ordinary/ Late/ Special Booking Incubator 1 / 2 / 3,EKCC: https://www.ekcc.hk/documents/venue_detail/hiring/booking-docs/EKCC_IN123_ApplicationForm_en.pdf,Source-site terms apply. Original source document is not redistributed by NEST.
92,en,Workplace / HR,workflow/0-html_template/data_en/92.HTML,4X9-Inch Time Card,PrintableTimeCards.com: https://www.printabletimecards.com/preview/3_5x9-Inch_Time_Card,"Savetz Publishing permits personal, organizational, or business use and modification, but redistribution requires prior written permission. Original source document is not redistributed by NEST."
93,en,Business,workflow/0-html_template/data_en/93.HTML,Yellow Border Blank Invoice Template,PrintableInvoiceTemplates.net: https://www.printableinvoicetemplates.net/preview/Yellow_Border_Blank_Invoice_Template,"Savetz Publishing permits personal, organizational, or business use and modification, but redistribution requires prior written permission. Original source document is not redistributed by NEST."
94,en,Finance,workflow/0-html_template/data_en/94.HTML,Account Statement,PrintableInvoiceTemplates.net: https://www.printableinvoicetemplates.net/preview/Yellow_Border_Blank_Invoice_Template,"Savetz Publishing permits personal, organizational, or business use and modification, but redistribution requires prior written permission. Original source document is not redistributed by NEST."
95,en,Finance,workflow/0-html_template/data_en/95.HTML,Bank Transfer Request,PrintableInvoiceTemplates.net: https://www.printableinvoicetemplates.net/preview/Yellow_Border_Blank_Invoice_Template,"Savetz Publishing permits personal, organizational, or business use and modification, but redistribution requires prior written permission. Original source document is not redistributed by NEST."
96,en,Business,workflow/0-html_template/data_en/96.html,Vehicle Work Order,PrintableInvoiceTemplates.net: https://www.printableinvoicetemplates.net/preview/Yellow_Border_Blank_Invoice_Template,"Savetz Publishing permits personal, organizational, or business use and modification, but redistribution requires prior written permission. Original source document is not redistributed by NEST."
97,en,Business,workflow/0-html_template/data_en/97.html,Vehicle Work Order,PrintableInvoiceTemplates.net: https://www.printableinvoicetemplates.net/preview/Yellow_Border_Blank_Invoice_Template,"Savetz Publishing permits personal, organizational, or business use and modification, but redistribution requires prior written permission. Original source document is not redistributed by NEST."
98,en,Business,workflow/0-html_template/data_en/98.html,STOP WORK ORDER,PrintableInvoiceTemplates.net: https://www.printableinvoicetemplates.net/preview/Yellow_Border_Blank_Invoice_Template,"Savetz Publishing permits personal, organizational, or business use and modification, but redistribution requires prior written permission. Original source document is not redistributed by NEST."
99,en,Business,workflow/0-html_template/data_en/99.html,Painting Work Order,PrintableInvoiceTemplates.net: https://www.printableinvoicetemplates.net/preview/Yellow_Border_Blank_Invoice_Template,"Savetz Publishing permits personal, organizational, or business use and modification, but redistribution requires prior written permission. Original source document is not redistributed by NEST."
100,en,Business,workflow/0-html_template/data_en/100.html,Pest Control Work Order,PrintableInvoiceTemplates.net: https://www.printableinvoicetemplates.net/preview/Yellow_Border_Blank_Invoice_Template,"Savetz Publishing permits personal, organizational, or business use and modification, but redistribution requires prior written permission. Original source document is not redistributed by NEST."
101,en,Education,workflow/0-html_template/data_en/101.html,Education Allowance Questionnaire,U.S. Department of State: https://eforms.state.gov/Forms/ds63.PDF,Source-site terms apply. Original source document is not redistributed by NEST.
102,en,Healthcare,workflow/0-html_template/data_en/102.html,New Patient Registration Form – Adult,Weston House Practice / NHS: https://westonhousepractice.nhs.uk/wp-content/uploads/2024/04/Adult-New-Patient-Registration.pdf?push_animated=1&show_loading=0&webview_progress_bar=1&theme=light,Source-site terms apply. Original source document is not redistributed by NEST.
103,en,Gov. & Public Svc.,workflow/0-html_template/data_en/103.html,U.S. Department of State NOMINATION FOR QUALITY STEP INCREASE (QSI) OR QUALITY PERFORMANCE AWARD (QPA),U.S. Department of State: https://eforms.state.gov/Forms/ds1968.PDF,Source-site terms apply. Original source document is not redistributed by NEST.
104,en,Healthcare,workflow/0-html_template/data_en/104.html,MEDICAL HISTORY AND EXAMINATION,U.S. Department of State: https://eforms.state.gov/Forms/ds1843.PDF,Source-site terms apply. Original source document is not redistributed by NEST.
105,en,Gov. & Public Svc.,workflow/0-html_template/data_en/105.html,REQUEST FOR CUSTOMS CLEARANCE OF MERCHANDISE,U.S. Department of State: https://eforms.state.gov/Forms/ds1504.PDF,Source-site terms apply. Original source document is not redistributed by NEST.
106,en,Gov. & Public Svc.,workflow/0-html_template/data_en/106.html,U.S. Department of State BIOGRAPHIC DATA SHEET,U.S. Department of State: https://eforms.state.gov/Forms/ds1031_a.PDF,Source-site terms apply. Original source document is not redistributed by NEST.
107,en,Gov. & Public Svc.,workflow/0-html_template/data_en/107.html,Special Immigrant Visa Biodata Form,U.S. Department of State: https://eforms.state.gov/Forms/ds234.PDF,Source-site terms apply. Original source document is not redistributed by NEST.
108,en,Workplace / HR,workflow/0-html_template/data_en/108.html,Employment Application,U.S. Department of State: https://eforms.state.gov/Forms/ds174.PDF,Source-site terms apply. Original source document is not redistributed by NEST.
109,en,Gov. & Public Svc.,workflow/0-html_template/data_en/109.html,Petition to Classify Special Immigrant,U.S. Department of State: https://eforms.state.gov/Forms/ds1884.PDF,Source-site terms apply. Original source document is not redistributed by NEST.
110,en,Finance,workflow/0-html_template/data_en/110.html,ALLOTMENT OF PAY/PRIOR SERVICE CREDIT (FOREIGN SERVICE EMPLOYEES),U.S. Department of State: https://eforms.state.gov/Forms/ds1992.PDF,Source-site terms apply. Original source document is not redistributed by NEST.
111,en,Finance,workflow/0-html_template/data_en/111.html,Notice Concerning Fiduciary Relationship,U.S. Internal Revenue Service: https://www.irs.gov/pub/irs-pdf/f56.pdf,Federal-employee-created IRS.gov content is not subject to U.S. copyright and may be copied. Original source document is not redistributed by NEST.
112,en,Finance,workflow/0-html_template/data_en/112.html,Notice Concerning Fiduciary Relationship,U.S. Internal Revenue Service: https://www.irs.gov/pub/irs-pdf/f56.pdf,Federal-employee-created IRS.gov content is not subject to U.S. copyright and may be copied. Original source document is not redistributed by NEST.
113,en,Finance,workflow/0-html_template/data_en/113.html,Notice Concerning Fiduciary Relationship - Continuation,U.S. Internal Revenue Service: https://www.irs.gov/,Federal-employee-created IRS.gov content is not subject to U.S. copyright and may be copied. Original source document is not redistributed by NEST.
114,en,Finance,workflow/0-html_template/data_en/114.html,Notice Concerning Fiduciary Relationship - Continuation,U.S. Internal Revenue Service: https://www.irs.gov/,Federal-employee-created IRS.gov content is not subject to U.S. copyright and may be copied. Original source document is not redistributed by NEST.
115,en,Finance,workflow/0-html_template/data_en/115.html,Health Insurance Marketplace Statement,U.S. Internal Revenue Service: https://www.irs.gov/,Federal-employee-created IRS.gov content is not subject to U.S. copyright and may be copied. Original source document is not redistributed by NEST.
116,en,Finance,workflow/0-html_template/data_en/116.html,Request for Transcript of Tax Return,U.S. Internal Revenue Service: https://www.irs.gov/pub/irs-pdf/f4506t.pdf,Federal-employee-created IRS.gov content is not subject to U.S. copyright and may be copied. Original source document is not redistributed by NEST.
117,en,Workplace / HR,workflow/0-html_template/data_en/117.html,Additional Information for CPP Validation and Verification Programs – For employers,Government of Canada: https://www.canada.ca/,Government of Canada materials may be reproduced for non-commercial purposes under its stated conditions. Original source document is not redistributed by NEST.
118,en,Finance,workflow/0-html_template/data_en/118.html,Rollover from a Registered Education Savings Plan to a Registered Disability Savings Plan,Government of Canada: https://www.canada.ca/content/dam/cra-arc/formspubs/pbg/rc435/rc435-15e.pdf,Government of Canada materials may be reproduced for non-commercial purposes under its stated conditions. Original source document is not redistributed by NEST.
119,en,Finance,workflow/0-html_template/data_en/119.html,Election to Deem a Proportional Holding in Qualified Trust Property,Government of Canada: https://www.canada.ca/content/dam/cra-arc/formspubs/pbg/t1024/t1024-23e.pdf,Government of Canada materials may be reproduced for non-commercial purposes under its stated conditions. Original source document is not redistributed by NEST.
120,en,Workplace / HR,workflow/0-html_template/data_en/120.html,Application for an Employer Resident Outside Canada to Cover Employment in Canada Under the Canada Pension Plan,Government of Canada: https://www.canada.ca/content/dam/cra-arc/formspubs/pbg/cpt13/cpt13-25e.pdf,Government of Canada materials may be reproduced for non-commercial purposes under its stated conditions. Original source document is not redistributed by NEST.
121,en,Finance,workflow/0-html_template/data_en/121.html,Form 433-A (OIC) (Rev. 4-2026),U.S. Internal Revenue Service: https://www.irs.gov/pub/irs-pdf/f433aoi.pdf,Federal-employee-created IRS.gov content is not subject to U.S. copyright and may be copied. Original source document is not redistributed by NEST.
122,en,Gov. & Public Svc.,workflow/0-html_template/data_en/122.html,NOTIFICATION OF CHANGE OF MAILING ADDRESS,Hong Kong Water Supplies Department: https://www.wsd.gov.hk/filemanager/en/share/pdf/wwo227e.pdf?formcatid=2813&formcatlang=en&formcatformat=pdf,Source-site terms apply. Original source document is not redistributed by NEST.
123,en,Gov. & Public Svc.,workflow/0-html_template/data_en/123.html,Notification of Change of Residential/Correspondence Address,Hong Kong Official Receiver's Office: https://www.oro.gov.hk/pdf/eng/pforms/notification_of_change_of_residential.pdf?formcatid=2431&formcatlang=en&formcatformat=pdf,Source-site terms apply. Original source document is not redistributed by NEST.
124,en,Healthcare,workflow/0-html_template/data_en/124.html,Application for change of residential address / contact phone number,Hong Kong DHCA Scheme: https://www.dhcas.gov.hk/file/Change_address_form_NKCAC_E.pdf?formcatid=173&formcatlang=en&formcatformat=pdf,Source-site terms apply. Original source document is not redistributed by NEST.
125,en,Gov. & Public Svc.,workflow/0-html_template/data_en/125.html,Application for Change of Correspondence Address (For Use before Execution of Deed of Assignment),Hong Kong SAR Government: https://www.gov.hk/,Source-site terms apply. Original source document is not redistributed by NEST.
126,en,Gov. & Public Svc.,workflow/0-html_template/data_en/126.html,Amendment of Public Rental Housing Application Information,Hong Kong Housing Authority: https://www.housingauthority.gov.hk/en/common/pdf/global-elements/forms/flat-application/HD10.pdf?formcatid=1531&formcatlang=en&formcatformat=pdf,Source-site terms apply. Original source document is not redistributed by NEST.
127,en,Gov. & Public Svc.,workflow/0-html_template/data_en/127.html,Kaifong Representative Election Application for New Registration / Report on Change of Particulars by an Elector,Hong Kong Home Affairs Department: https://www.had.gov.hk/rre/images/forms/KFR_COP_en2.pdf?formcatid=1429&formcatlang=en&formcatformat=pdf,Source-site terms apply. Original source document is not redistributed by NEST.
128,en,Gov. & Public Svc.,workflow/0-html_template/data_en/128.html,Application for registration as an Authorized Land Surveyor under section 13(1) of the Land Survey Ordinance (Cap.473),Hong Kong SAR Government: https://www.gov.hk/,Source-site terms apply. Original source document is not redistributed by NEST.
129,en,Business,workflow/0-html_template/data_en/129.html,Request for Retrieval of E-services User Name / Re-setting of Password of Rice,Hong Kong Trade and Industry Department: https://www.tid.gov.hk/en/public_services/forms/files/tid243.pdf?formcatid=2611&formcatlang=en&formcatformat=pdf,Source-site terms apply. Original source document is not redistributed by NEST.
130,en,Business,workflow/0-html_template/data_en/130.html,Kimberley Process Certificate (Export) Application Form,Hong Kong Trade and Industry Department: https://www.tid.gov.hk/en/public_services/forms/files/tid504a.pdf?formcatid=2657&formcatlang=en&formcatformat=pdf,Source-site terms apply. Original source document is not redistributed by NEST.
131,en,Gov. & Public Svc.,workflow/0-html_template/data_en/131.html,Kimberley Process Certificate (Import) Application Form [TID 503A],Hong Kong Trade and Industry Department: https://www.tid.gov.hk/en/public_services/forms/files/tid503a.pdf?formcatid=2656&formcatlang=en&formcatformat=pdf,Source-site terms apply. Original source document is not redistributed by NEST.
132,en,Gov. & Public Svc.,workflow/0-html_template/data_en/132.html,Powdered Formula Export Licence : Request for Amendment (TID 336),Hong Kong Trade and Industry Department: https://www.tid.gov.hk/en/public_services/forms/files/tid336.pdf?formcatid=2683&formcatlang=en&formcatformat=pdf,Source-site terms apply. Original source document is not redistributed by NEST.
133,en,Gov. & Public Svc.,workflow/0-html_template/data_en/133.html,Application for Special Permit to Import Breeding Pigs,"Hong Kong Agriculture, Fisheries and Conservation Department: https://www.afcd.gov.hk/english/quarantine/qua_ie/qua_ie_ipab/qua_ie_ipab_ilpbp/files/AF240_pig_Jul16E.pdf?formcatid=516&formcatlang=en&formcatformat=pdf",Source-site terms apply. Original source document is not redistributed by NEST.
134,en,Gov. & Public Svc.,workflow/0-html_template/data_en/134.html,East Kowloon Cultural Centre Major Facilities Booking Application Form,EKCC: https://www.ekcc.hk/documents/venue_detail/hiring/booking-docs/EKCC_LA_ApplicationForm_en.pdf?formcatid=3824&formcatlang=en&formcatformat=pdf,Source-site terms apply. Original source document is not redistributed by NEST.
135,en (bilingual en/zh),Gov. & Public Svc.,workflow/0-html_template/data_en/135.html,Robotcop Show Application Form 機靈先生表演申請表格,Hong Kong Police Force: https://www.police.gov.hk/info/doc/robotcop.pdf?formcatid=3306&formcatlang=en&formcatformat=pdf,Source-site terms apply. Original source document is not redistributed by NEST.
136,en,Gov. & Public Svc.,workflow/0-html_template/data_en/136.HTML,Application for Adoption of Police Dog,Hong Kong Police Force: https://www.police.gov.hk/info/doc/Application%20for%20Adoption%20of%20Police%20Dog.pdf?formcatid=3305&formcatlang=en&formcatformat=pdf,Source-site terms apply. Original source document is not redistributed by NEST.
137,en,Gov. & Public Svc.,workflow/0-html_template/data_en/137.html,Communications Authority Complaint Form on Television or Radio Broadcast,Communications Authority: https://www.coms-auth.hk/filemanager/en/content_508/ca_complaint_form_e.pdf?formcatid=1&formcatlang=en&formcatformat=pdf,Source-site terms apply. Original source document is not redistributed by NEST.
138,en,Gov. & Public Svc.,workflow/0-html_template/data_en/138.html,East Kowloon Cultural Centre Incubator Booking Application,EKCC: https://www.ekcc.hk/documents/venue_detail/hiring/booking-docs/EKCC_IN123_ApplicationForm_en.pdf?formcatid=3828&formcatlang=en&formcatformat=pdf,Source-site terms apply. Original source document is not redistributed by NEST.
139,en,Business,workflow/0-html_template/data_en/139.html,Complaint on Suspected Contravention of Section 18A of the Telecommunications Ordinance (Cap. 106) (the “TO”),Hong Kong Office of the Communications Authority: https://www.ofca.gov.hk/filemanager/ofca/en/content_1585/puti_complaint_form_e.pdf?formcatid=3093&formcatlang=en&formcatformat=pdf,Source-site terms apply. Original source document is not redistributed by NEST.
140,en,Business,workflow/0-html_template/data_en/140.html,Complaint Form – Complaints against OFCA,Hong Kong Office of the Communications Authority: https://www.ofca.gov.hk/filemanager/ofca/en/content_170/complaintform.pdf?formcatid=3033&formcatlang=en&formcatformat=pdf,Source-site terms apply. Original source document is not redistributed by NEST.
141,en,Business,workflow/0-html_template/data_en/141.html,COMPLAINT FORM,Communications Authority: https://www.coms-auth.hk/filemanager/en/content_800/complaintForm_en.pdf?formcatid=2379&formcatlang=en&formcatformat=pdf,Source-site terms apply. Original source document is not redistributed by NEST.
142,en,Gov. & Public Svc.,workflow/0-html_template/data_en/142.html,Report Form under the Unsolicited Electronic Messages Ordinance,Hong Kong Office of the Communications Authority: https://www.ofca.gov.hk/filemanager/ofca/en/content_223/uemo_report_form_en.pdf?formcatid=2370&formcatlang=en&formcatformat=pdf,Source-site terms apply. Original source document is not redistributed by NEST.
143,en,Gov. & Public Svc.,workflow/0-html_template/data_en/143.html,Application for Visit to Police Dog Unit Kwun Tong Operation Base,Hong Kong Police Force: https://www.police.gov.hk/info/doc/Application_for_Visit_to_Police_Dog_Unit_Kwun_Tong_Operation_Base.pdf?formcatid=3301&formcatlang=en&formcatformat=pdf,Source-site terms apply. Original source document is not redistributed by NEST.
144,en (bilingual en/zh),Gov. & Public Svc.,workflow/0-html_template/data_en/144.html,Application for Playing Musical Instrument Permit in Public Street or Road,Hong Kong Police Force: https://www.police.gov.hk/info/doc/licensing/general/en/mip_en.pdf?formcatid=3216&formcatlang=en&formcatformat=pdf,Source-site terms apply. Original source document is not redistributed by NEST.
145,en,Gov. & Public Svc.,workflow/0-html_template/data_en/145.html,Queen Elizabeth Stadium Arena Booking Application,Hong Kong Leisure and Cultural Services Department: https://www.lcsd.gov.hk/en/qes/common/form/major_form_lcs315b_e.pdf?formcatid=2156&formcatlang=en&formcatformat=pdf,Source-site terms apply. Original source document is not redistributed by NEST.
146,en (bilingual en/zh),Gov. & Public Svc.,workflow/0-html_template/data_en/146.html,Application for Registration as a Scheme Operator - FORM 2,Hong Kong Labour Department: https://www.labour.gov.hk/eng/form/os/pdf/SM-F2.pdf?formcatid=1952&formcatlang=en&formcatformat=pdf,Redistribution requires prior written authorization from the Hong Kong Labour Department. Original source document is not redistributed by NEST.
147,en,Workplace / HR,workflow/0-html_template/data_en/147.html,Application for Registration as a Safety Officer,Hong Kong Labour Department: https://www.labour.gov.hk/eng/form/os/pdf/SOSS-F1.pdf?formcatid=1944&formcatlang=en&formcatformat=pdf,Redistribution requires prior written authorization from the Hong Kong Labour Department. Original source document is not redistributed by NEST.
148,en,Education,workflow/0-html_template/data_en/148.html,Application for Examination or Endorsement for a Certificate of Competency,Hong Kong Labour Department: https://www.labour.gov.hk/form/bpvd/5_2000_a.pdf?formcatid=1940&formcatlang=en&formcatformat=pdf,Redistribution requires prior written authorization from the Hong Kong Labour Department. Original source document is not redistributed by NEST.
149,en,Gov. & Public Svc.,workflow/0-html_template/data_en/149.html,Weekly Inspection Report for Lifting Appliances,Hong Kong Labour Department: https://www.labour.gov.hk/eng/form/os/pdf/LALG-F1.pdf?formcatid=1938&formcatlang=en&formcatformat=pdf,Redistribution requires prior written authorization from the Hong Kong Labour Department. Original source document is not redistributed by NEST.
150,en,Gov. & Public Svc.,workflow/0-html_template/data_en/150.html,Self-service Hard Copy from Digital File Request Form,Hong Kong Government Records Service: https://www.grs.gov.hk/pdf/ssdigital_files.pdf?formcatid=3028&formcatlang=en&formcatformat=pdf,Source-site terms apply. Original source document is not redistributed by NEST.
151,en,Workplace / HR,workflow/0-html_template/data_en/151.html,Application Form for Onsite Group Visit,Hong Kong Government Records Service: https://www.grs.gov.hk/pdf/Onsite_group_visit_en.pdf?formcatid=3029&formcatlang=en&formcatformat=pdf,Source-site terms apply. Original source document is not redistributed by NEST.
152,en,Gov. & Public Svc.,workflow/0-html_template/data_en/152.html,Self-service Hard Copy from Digital File Request Form,Hong Kong Government Records Service: https://www.grs.gov.hk/pdf/micro.pdf?formcatid=2457&formcatlang=en&formcatformat=pdf,Source-site terms apply. Original source document is not redistributed by NEST.
153,en,Gov. & Public Svc.,workflow/0-html_template/data_en/153.html,Application for Location Scouting at Sites/Premises Controlled by the Government Property Agency,Hong Kong Lands Department: https://www.landsd.gov.hk/doc/en/smo/leg/form/smf-0016.pdf?formcatid=2056&formcatlang=en&formcatformat=pdf,Source-site terms apply. Original source document is not redistributed by NEST.
154,en,Gov. & Public Svc.,workflow/0-html_template/data_en/154.html,Application Form for Employment - HKSAR Government,Hong Kong Civil Service Bureau: https://www.csb.gov.hk/english/recruit/application/files/common/GF340.pdf?formcatid=84&formcatlang=en&formcatformat=pdf,Source-site terms apply. Original source document is not redistributed by NEST.
155,en,Workplace / HR,workflow/0-html_template/data_en/155.html,Selective Placement Division - Vacancy Order Form,Hong Kong Labour Department: https://www.jobs.gov.hk/isps/Download/Document/Eng/JobForm2014r08_2.pdf?formcatid=1941&formcatlang=en&formcatformat=pdf,Source-site terms apply. Original source document is not redistributed by NEST.
156,en,Workplace / HR,workflow/0-html_template/data_en/156.html,Labour Relations Division Claim Form,Hong Kong Labour Department: https://www.labour.gov.hk/common/form/lrd/LD15.pdf?formcatid=3399&formcatlang=en&formcatformat=pdf,Redistribution requires prior written authorization from the Hong Kong Labour Department. Original source document is not redistributed by NEST.
157,en,Gov. & Public Svc.,workflow/0-html_template/data_en/157.html,Certificate of an Employee's Permanent Unfitness for a Particular Type of Work,Hong Kong Labour Department: https://www.labour.gov.hk/common/form/lrd/LD424S.pdf?formcatid=3400&formcatlang=en&formcatformat=pdf,Redistribution requires prior written authorization from the Hong Kong Labour Department. Original source document is not redistributed by NEST.
158,en,Workplace / HR,workflow/0-html_template/data_en/158.html,Application for Long Service Payment by Family Members of a Deceased Employee,Hong Kong Labour Department: https://www.labour.gov.hk/common/form/lrd/LD425S.pdf?formcatid=3401&formcatlang=en&formcatformat=pdf,Redistribution requires prior written authorization from the Hong Kong Labour Department. Original source document is not redistributed by NEST.
159,en,Workplace / HR,workflow/0-html_template/data_en/159.html,Notification of A Claim for Compensation,Hong Kong Labour Department: https://www.labour.gov.hk/eng/form/ecd/pdf/LD448S.pdf?formcatid=3159&formcatlang=en&formcatformat=pdf,Redistribution requires prior written authorization from the Hong Kong Labour Department. Original source document is not redistributed by NEST.
160,en,Workplace / HR,workflow/0-html_template/data_en/160.html,Maternity Leave Record-Prescribed Form,Hong Kong Labour Department: https://www.labour.gov.hk/common/form/lrd/MaternityLeaveRecord_en.pdf?formcatid=3655&formcatlang=en&formcatformat=pdf,Redistribution requires prior written authorization from the Hong Kong Labour Department. Original source document is not redistributed by NEST.
161,en,Workplace / HR,workflow/0-html_template/data_en/161.html,Minor Employment Claims Adjudication Board Supplementary Sheet to Claim Form,Hong Kong Labour Department: https://www.labour.gov.hk/form/mecab/MB1A%20(fillable).pdf?formcatid=3642&formcatlang=en&formcatformat=pdf,Redistribution requires prior written authorization from the Hong Kong Labour Department. Original source document is not redistributed by NEST.
162,en,Gov. & Public Svc.,workflow/0-html_template/data_en/162.html,Application for Recognition of Mandatory Safety Training Course,Hong Kong Labour Department: https://www.labour.gov.hk/common/osh/pdf/MSTC_Recgn_Form.pdf?formcatid=2962&formcatlang=en&formcatformat=pdf,Redistribution requires prior written authorization from the Hong Kong Labour Department. Original source document is not redistributed by NEST.
163,en,Education,workflow/0-html_template/data_en/163.html,Application for Change(s) of Trainer(s)/Training Venue(s)/Training Equipment/ Others on Recognised Mandatory Safety Training Course(s),Hong Kong Labour Department: https://www.labour.gov.hk/common/osh/pdf/MSTC_SubCh_Form.pdf?formcatid=3518&formcatlang=en&formcatformat=pdf,Redistribution requires prior written authorization from the Hong Kong Labour Department. Original source document is not redistributed by NEST.
164,en,Workplace / HR,workflow/0-html_template/data_en/164.html,Notification of Accident,Hong Kong Labour Department: https://www.labour.gov.hk/eng/form/ecd/pdf/NA.pdf?formcatid=1942&formcatlang=en&formcatformat=pdf,Redistribution requires prior written authorization from the Hong Kong Labour Department. Original source document is not redistributed by NEST.
165,en,Business,workflow/0-html_template/data_en/165.html,Notification Form for Truss-out Bamboo Scaffolds,Hong Kong Labour Department: https://www.labour.gov.hk/common/public/dd/Notification_TOS_EN.pdf?formcatid=3879&formcatlang=en&formcatformat=pdf,Redistribution requires prior written authorization from the Hong Kong Labour Department. Original source document is not redistributed by NEST.
166,en,Workplace / HR,workflow/0-html_template/data_en/166.html,Employment Information and Promotion Programme application form,Hong Kong Labour Department: https://www.jobs.gov.hk/0/doc/information/en/rcbc/q_promotion.pdf?formcatid=3726&formcatlang=en&formcatformat=pdf,Source-site terms apply. Original source document is not redistributed by NEST.
167,en,Workplace / HR,workflow/0-html_template/data_en/167.html,Employment Report Form,Hong Kong Labour Department: https://www.labour.gov.hk/eng/form/bpvd/reply_14b.PDF?formcatid=2011&formcatlang=en&formcatformat=pdf,Redistribution requires prior written authorization from the Hong Kong Labour Department. Original source document is not redistributed by NEST.
168,en,Workplace / HR,workflow/0-html_template/data_en/168.html,Appointment of Safety Review Officer,Hong Kong Labour Department: https://www.labour.gov.hk/form/os/pdf/SM-F4.pdf?formcatid=1963&formcatlang=en&formcatformat=pdf,Redistribution requires prior written authorization from the Hong Kong Labour Department. Original source document is not redistributed by NEST.
169,en,Workplace / HR,workflow/0-html_template/data_en/169.html,Application for Renewal or Revalidation as a Safety Officer,Hong Kong Labour Department: https://www.labour.gov.hk/eng/form/os/pdf/sossf6.pdf?formcatid=1965&formcatlang=en&formcatformat=pdf,Redistribution requires prior written authorization from the Hong Kong Labour Department. Original source document is not redistributed by NEST.
170,en,Gov. & Public Svc.,workflow/0-html_template/data_en/170.html,LOCK ATTENDANT'S REGISTER,Hong Kong Labour Department: https://www.labour.gov.hk/eng/form/os/pdf/WCA-F1.pdf?formcatid=2841&formcatlang=en&formcatformat=pdf,Redistribution requires prior written authorization from the Hong Kong Labour Department. Original source document is not redistributed by NEST.
171,en,Business,workflow/0-html_template/data_en/171.html,Notification of Commencement of Work in Compressed Air,Hong Kong Labour Department: https://www.labour.gov.hk/eng/form/os/pdf/WCA-F7.pdf?formcatid=2843&formcatlang=en&formcatformat=pdf,Redistribution requires prior written authorization from the Hong Kong Labour Department. Original source document is not redistributed by NEST.
172,en,Gov. & Public Svc.,workflow/0-html_template/data_en/172.html,APPLICATION FOR A LICENCE PURSUANT TO SECTION 14 OF THE AIR POLLUTION CONTROL ORDINANCE,Hong Kong Environmental Protection Department: https://www.epd.gov.hk/epd/sites/default/files/epd/english/application_for_licences/applic_froms/files/eform1.pdf?formcatid=1231&formcatlang=en&formcatformat=pdf,Source-site terms apply. Original source document is not redistributed by NEST.
173,en,Gov. & Public Svc.,workflow/0-html_template/data_en/173.html,APPLICATION FOR A LICENCE PURSUANT TO SECTION 14 OF THE AIR POLLUTION CONTROL ORDINANCE,Hong Kong Environmental Protection Department: https://www.epd.gov.hk/epd/sites/default/files/epd/english/application_for_licences/applic_froms/files/eform1.pdf?formcatid=1231&formcatlang=en&formcatformat=pdf,Source-site terms apply. Original source document is not redistributed by NEST.
174,en,Gov. & Public Svc.,workflow/0-html_template/data_en/174.html,Application for Further Environmental Permit,Hong Kong Environmental Protection Department: https://www.epd.gov.hk/eia/en/forms/application_6.pdf?formcatid=1204&formcatlang=en&formcatformat=pdf,Source-site terms apply. Original source document is not redistributed by NEST.
175,en (bilingual en/zh),Gov. & Public Svc.,workflow/0-html_template/data_en/175.html,Application Form for Publicity Materials for Idling Prohibition,Hong Kong Environmental Protection Department: https://www.epd.gov.hk/epd/sites/default/files/epd/english/environmentinhk/air/prob_solutions/files/Application_Form_for_Publicity_Materials.pdf?formcatid=2978&formcatlang=en&formcatformat=pdf,Source-site terms apply. Original source document is not redistributed by NEST.
176,en (bilingual en/zh),Gov. & Public Svc.,workflow/0-html_template/data_en/176.html,Application Form for Smoky Vehicle Spotter Training 黑煙車輛檢舉員訓練課程申請表,Hong Kong Environmental Protection Department: https://www.epd.gov.hk/epd/sites/default/files/epd/english/how_help/report_pollution/files/Application_form_for_spotter_training.pdf?formcatid=2921&formcatlang=en&formcatformat=pdf,Source-site terms apply. Original source document is not redistributed by NEST.
177,en,Gov. & Public Svc.,workflow/0-html_template/data_en/177.html,Application for Registration as a Registered Asbestos Laboratory,Hong Kong Environmental Protection Department: https://www.epd.gov.hk/epd/sites/default/files/epd/english/application_for_licences/applic_froms/files/ASB-E-FM3-9911.pdf?formcatid=1186&formcatlang=en&formcatformat=pdf,Source-site terms apply. Original source document is not redistributed by NEST.
178,en (bilingual en/zh),Gov. & Public Svc.,workflow/0-html_template/data_en/178.html,Notification of Regulated Architectural Paints,Hong Kong Environmental Protection Department: https://www.epd.gov.hk/epd/sites/default/files/epd/english/environmentinhk/air/prob_solutions/files/EPD_311N.pdf?formcatid=1185&formcatlang=en&formcatformat=pdf,Source-site terms apply. Original source document is not redistributed by NEST.
179,en,Gov. & Public Svc.,workflow/0-html_template/data_en/179.html,EPD TAMC - APPLICATION FOR MOTOR VEHICLE EXHAUST AND NOISE EMISSIONS TYPE APPROVAL (Motor Vehicle 2 or 3 wheels),Hong Kong Environmental Protection Department: https://www.epd.gov.hk/epd/sites/default/files/epd/english/application_for_licences/applic_froms/files/epd-tamc.pdf?formcatid=2924&formcatlang=en&formcatformat=pdf,Source-site terms apply. Original source document is not redistributed by NEST.
180,en,Business,workflow/0-html_template/data_en/180.html,Application for Exemption under Section 7(1)(a) of the Air Pollution Control (Fuel for Vessels) Regulation (Cap. 311AB),Hong Kong Environmental Protection Department: https://www.epd.gov.hk/epd/sites/default/files/epd/english/application_for_licences/applic_froms/files/form_7_1_a_eng.pdf?formcatid=2930&formcatlang=en&formcatformat=pdf,Source-site terms apply. Original source document is not redistributed by NEST.
181,en,Business,workflow/0-html_template/data_en/181.html,Cash Receipt Template,SampleTemplates: https://www.sampletemplates.com/,Source-site terms apply. Original source document is not redistributed by NEST.
182,en,Business,workflow/0-html_template/data_en/182.html,Temporary Working Fund/Receipt Book Request Form,SampleTemplates: https://www.sampletemplates.com/,Source-site terms apply. Original source document is not redistributed by NEST.
183,en,Education,workflow/0-html_template/data_en/183.html,HONORARIUM RECEIPT,SampleTemplates: https://www.sampletemplates.com/,Source-site terms apply. Original source document is not redistributed by NEST.
184,en,Education,workflow/0-html_template/data_en/184.html,Request for Honorarium Payment,SampleTemplates: https://www.sampletemplates.com/,Source-site terms apply. Original source document is not redistributed by NEST.
185,en,Business,workflow/0-html_template/data_en/185.html,Honorarium/Gift/Prize Receipt,SampleTemplates: https://www.sampletemplates.com/,Source-site terms apply. Original source document is not redistributed by NEST.
186,en,Finance,workflow/0-html_template/data_en/186.html,NIPISSING UNIVERSITY REQUEST FOR HONORARIUM PAYMENT,SampleTemplates: https://www.sampletemplates.com/,Source-site terms apply. Original source document is not redistributed by NEST.
187,en,Business,workflow/0-html_template/data_en/187.html,Indigenous Elder/Traditional Knowledge Keeper/Elder Helper Honorarium Receipt,SampleTemplates: https://www.sampletemplates.com/,Source-site terms apply. Original source document is not redistributed by NEST.
188,en,Education,workflow/0-html_template/data_en/188.html,The George Washington University Honorarium Recipient Form,The George Washington University: https://procurement.gwu.edu/sites/g/files/zaxdzs4691/files/downloads/Honor_Form%204-28-20.pdf,Source-site terms apply. Original source document is not redistributed by NEST.
189,en,Finance,workflow/0-html_template/data_en/189.html,Untitled Finance Template (ID 189),SampleTemplates: https://www.sampletemplates.com/,Source-site terms apply. Original source document is not redistributed by NEST.
190,en,Education,workflow/0-html_template/data_en/190.html,Honorarium Receipt,SampleTemplates: https://www.sampletemplates.com/,Source-site terms apply. Original source document is not redistributed by NEST.
191,en,Business,workflow/0-html_template/data_en/191.html,Vessel Charter Agreement,SampleTemplates: https://www.sampletemplates.com/,Source-site terms apply. Original source document is not redistributed by NEST.
192,en,Healthcare,workflow/0-html_template/data_en/192.html,Brigham and Women’s Hospital Mentoring Agreement Template,SampleTemplates: https://www.sampletemplates.com/,Source-site terms apply. Original source document is not redistributed by NEST.
193,en,Business,workflow/0-html_template/data_en/193.html,Meeting Room Rental Agreement,SampleTemplates: https://www.sampletemplates.com/,Source-site terms apply. Original source document is not redistributed by NEST.
194,en,Finance,workflow/0-html_template/data_en/194.html,Club Sports Fee Payment Receipt,SampleTemplates: https://www.sampletemplates.com/,Source-site terms apply. Original source document is not redistributed by NEST.
195,en,Education,workflow/0-html_template/data_en/195.html,Program Completion Verification Fee Receipt,SampleTemplates: https://www.sampletemplates.com/,Source-site terms apply. Original source document is not redistributed by NEST.
196,en,Workplace / HR,workflow/0-html_template/data_en/196.html,Salary Receipt Form,SampleTemplates: https://www.sampletemplates.com/,Source-site terms apply. Original source document is not redistributed by NEST.
197,en,Business,workflow/0-html_template/data_en/197.html,Request and Agreement,SampleTemplates: https://www.sampletemplates.com/,Source-site terms apply. Original source document is not redistributed by NEST.
198,en,Finance,workflow/0-html_template/data_en/198.html,District Council Member Expense Claim,SampleTemplates: https://www.sampletemplates.com/,Source-site terms apply. Original source document is not redistributed by NEST.
199,en,Business,workflow/0-html_template/data_en/199.html,Equipment and Furniture Expense Claim,SampleTemplates: https://www.sampletemplates.com/,Source-site terms apply. Original source document is not redistributed by NEST.
200,en,Business,workflow/0-html_template/data_en/200.html,District Council Member Procurement Record,SampleTemplates: https://www.sampletemplates.com/,Source-site terms apply. Original source document is not redistributed by NEST.
201,en,Business,workflow/0-html_template/data_en/201.html,SCOLE-Kerala Honorarium Receipt,SampleTemplates: https://www.sampletemplates.com/,Source-site terms apply. Original source document is not redistributed by NEST.
202,en,Business,workflow/0-html_template/data_en/202.html,RENT RECEIPT,SampleTemplates: https://www.sampletemplates.com/,Source-site terms apply. Original source document is not redistributed by NEST.
203,en,Business,workflow/0-html_template/data_en/203.html,Venue Hire Cost Worksheet,SampleTemplates: https://www.sampletemplates.com/,Source-site terms apply. Original source document is not redistributed by NEST.
204,en,Healthcare,workflow/0-html_template/data_en/204.html,Brigham and Women’s Hospital Mentoring Agreement Template,SampleTemplates: https://www.sampletemplates.com/,Source-site terms apply. Original source document is not redistributed by NEST.
205,en,Business,workflow/0-html_template/data_en/205.html,Horse Share Agreement,SampleTemplates: https://www.sampletemplates.com/,Source-site terms apply. Original source document is not redistributed by NEST.
206,en,Business,workflow/0-html_template/data_en/206.html,Landlord Notice Delivery Record,SampleTemplates: https://www.sampletemplates.com/,Source-site terms apply. Original source document is not redistributed by NEST.
207,en,Business,workflow/0-html_template/data_en/207.html,Horse Trial Agreement,SampleTemplates: https://www.sampletemplates.com/,Source-site terms apply. Original source document is not redistributed by NEST.
208,en,Business,workflow/0-html_template/data_en/208.html,COURTESY CAR AGREEMENT SALEM AIRPORT,SampleTemplates: https://www.sampletemplates.com/,Source-site terms apply. Original source document is not redistributed by NEST.
209,en,Business,workflow/0-html_template/data_en/209.html,Courtesy Car Customer Details Form,SampleTemplates: https://www.sampletemplates.com/,Source-site terms apply. Original source document is not redistributed by NEST.
210,en,Business,workflow/0-html_template/data_en/210.html,Event Venue Booking Application,SampleTemplates: https://www.sampletemplates.com/,Source-site terms apply. Original source document is not redistributed by NEST.
211,en,Education,workflow/0-html_template/data_en/211.html,HONORS OPTION AGREEMENT,SampleTemplates: https://www.sampletemplates.com/,Source-site terms apply. Original source document is not redistributed by NEST.
212,en,Business,workflow/0-html_template/data_en/212.html,Advertising Order Form,SampleTemplates: https://www.sampletemplates.com/,Source-site terms apply. Original source document is not redistributed by NEST.
213,en,Business,workflow/0-html_template/data_en/213.html,DWG NEWSLETTER ADVERTISING AGREEMENT,SampleTemplates: https://www.sampletemplates.com/,Source-site terms apply. Original source document is not redistributed by NEST.
214,en,Business,workflow/0-html_template/data_en/214.html,Digital Magazine Advertising Agreement,SampleTemplates: https://www.sampletemplates.com/,Source-site terms apply. Original source document is not redistributed by NEST.
215,en,Workplace / HR,workflow/0-html_template/data_en/215.html,Guarantor Information Form,SampleTemplates: https://www.sampletemplates.com/,Source-site terms apply. Original source document is not redistributed by NEST.
216,en,Education,workflow/0-html_template/data_en/216.html,OVCA FORM 113: EXCUSE FOR SCHOOL ABSENCE,SampleTemplates: https://www.sampletemplates.com/,Source-site terms apply. Original source document is not redistributed by NEST.
217,en,Education,workflow/0-html_template/data_en/217.html,Math Recommendation Form for Grades 6-12,SampleTemplates: https://www.sampletemplates.com/,Source-site terms apply. Original source document is not redistributed by NEST.
218,en,Education,workflow/0-html_template/data_en/218.html,University of Utah Letter of Recommendation Permission to Release Education Record Information,SampleTemplates: https://www.sampletemplates.com/,Source-site terms apply. Original source document is not redistributed by NEST.
219,en,Business,workflow/0-html_template/data_en/219.html,Office Lease,SampleTemplates: https://www.sampletemplates.com/,Source-site terms apply. Original source document is not redistributed by NEST.
220,en,Workplace / HR,workflow/0-html_template/data_en/220.html,Application of using laser effect On Stage,Hong Kong Leisure and Cultural Services Department: https://www2.lcsd.gov.hk/en/tech/common/pdf/en/Application%20-%2009%20-%20Laser%20on%20stage%20-%20E.pdf,Source-site terms apply. Original source document is not redistributed by NEST.
221,en,Workplace / HR,workflow/0-html_template/data_en/221.html,Application of Using Temporary Electrical Appliance On Stage,Hong Kong Leisure and Cultural Services Department: https://www.lcsd.gov.hk/en/tech/common/pdf/en/Application%20-%2008%20-%20Temporary%20electrical%20applicance%20on%20stage%20-%20E.pdf?formcatid=2150&formcatlang=en&formcatformat=pdf,Source-site terms apply. Original source document is not redistributed by NEST.
222,en,Gov. & Public Svc.,workflow/0-html_template/data_en/222.html,Application of Intention to Use of Modified Firearms or Blank Ammunition On Stage,Hong Kong Leisure and Cultural Services Department: https://www.lcsd.gov.hk/en/tech/common/pdf/en/Application%20-%2007%20-%20Discharge%20of%20Pyrotechnics%20-%20E.pdf?formcatid=2149&formcatlang=en&formcatformat=pdf,Source-site terms apply. Original source document is not redistributed by NEST.
223,en,Gov. & Public Svc.,workflow/0-html_template/data_en/223.html,Sha Tin Town Hall Minor Facilities Booking Application,Hong Kong Leisure and Cultural Services Department: https://www.lcsd.gov.hk/en/stth/common/forms/Application_form_STTH_minor_en.pdf?formcatid=2139&formcatlang=en&formcatformat=pdf,Source-site terms apply. Original source document is not redistributed by NEST.
224,en,Gov. & Public Svc.,workflow/0-html_template/data_en/224.html,HONG KONG PUBLIC LIBRARIES DONATION RECORD,Hong Kong Public Libraries: https://www.hkpl.gov.hk/en/common/attachments/about-us/forms/Donation_Record_Eng_Sep.pdf,Source-site terms apply. Original source document is not redistributed by NEST.
225,en,Gov. & Public Svc.,workflow/0-html_template/data_en/225.html,Ko Shan Theatre Minor Facilities Booking Application,Hong Kong SAR Government: https://www.gov.hk/,Source-site terms apply. Original source document is not redistributed by NEST.
226,en,Workplace / HR,workflow/0-html_template/data_en/226.html,Declaration,Hong Kong SAR Government: https://www.gov.hk/,Source-site terms apply. Original source document is not redistributed by NEST.
227,en,Business,workflow/0-html_template/data_en/227.html,"Report Form Unsolicited Electronic Messages Ordinance (Cap. 593 (""UEMO"")",Hong Kong Office of the Communications Authority: https://www.ofca.gov.hk/filemanager/ofca/en/content_223/uemo_report_form_en.pdf,Source-site terms apply. Original source document is not redistributed by NEST.
228,en,Gov. & Public Svc.,workflow/0-html_template/data_en/228.html,Application of Intention to Exhibit Animal(s) / Bird(s) On Stage,Hong Kong Leisure and Cultural Services Department: https://www.lcsd.gov.hk/en/tech/common/pdf/en/Application%20-%2005%20-%20Use%20of%20Animal%20-%20E.pdf,Source-site terms apply. Original source document is not redistributed by NEST.
229,en,Business,workflow/0-html_template/data_en/229.html,Order Form for Digital Copying Service,Hong Kong Water Supplies Department: https://www.wsd.gov.hk/filemanager/en/share/pdf/fishing_licence.pdf,Source-site terms apply. Original source document is not redistributed by NEST.
230,en,Education,workflow/0-html_template/data_en/230.html,Notification of Change of Institution or Course Data,Hong Kong Working Family and Student Financial Assistance Agency: https://www.wfsfaa.gov.hk/sfo/pdf/common/Form/tsfs/TSF-C-18B-E.pdf,Source-site terms apply. Original source document is not redistributed by NEST.
231,en,Education,workflow/0-html_template/data_en/231.html,Submission of Time Schedule for Recognised Mandatory Safety Training (MST) Course,Hong Kong Labour Department: https://www.labour.gov.hk/eng/osh/Submission%20of%20Time%20Schedule%20for%20Recognised%20Mandatory%20Safety%20Training%20(MST)%20Course.pdf,Redistribution requires prior written authorization from the Hong Kong Labour Department. Original source document is not redistributed by NEST.
232,en,Workplace / HR,workflow/0-html_template/data_en/232.html,Youth Employment Start Membership Application Form,Hong Kong Labour Department: https://www.e-start.gov.hk/Docs/PreRegForm?lang=en,Source-site terms apply. Original source document is not redistributed by NEST.
233,en (bilingual en/zh),Gov. & Public Svc.,workflow/0-html_template/data_en/233.html,Application for Issue / Renewal* of Permit for Import of Scheduled Chemicals,Hong Kong Environmental Protection Department: https://www.epd.gov.hk/epd/sites/default/files/epd/english/application_for_licences/applic_froms/files/hcc1.pdf,Source-site terms apply. Original source document is not redistributed by NEST.
234,en (bilingual en/zh),Gov. & Public Svc.,workflow/0-html_template/data_en/234.html,Application for Issue of Duplicate Permit,Hong Kong Environmental Protection Department: https://www.epd.gov.hk/epd/sites/default/files/epd/english/application_for_licences/applic_froms/files/hcc12.pdf,Source-site terms apply. Original source document is not redistributed by NEST.
235,en,Workplace / HR,workflow/0-html_template/data_en/235.html,Application to Use LCSD Amphitheatres or Performance Venues,Hong Kong Leisure and Cultural Services Department: https://lcsd.wh.cis.gov.hk/en/forms/lcs837a_e.pdf,Source-site terms apply. Original source document is not redistributed by NEST.
236,en,Workplace / HR,workflow/0-html_template/data_en/236.html,Application Form for Resource Centre’s Audiovisual Materials Viewing Card,Hong Kong Film Archive: https://www.filmarchive.gov.hk/documents/Facilities/viewingcard/LCS726.pdf?formcatid=18&formcatlang=en&formcatformat=pdf,Source-site terms apply. Original source document is not redistributed by NEST.
237,en,Gov. & Public Svc.,workflow/0-html_template/data_en/237.html,Application to Use an LCSD Sports Ground,Hong Kong Leisure and Cultural Services Department: https://www.lcsd.gov.hk/en/forms/lcs187_e.pdf?formcatid=2096&formcatlang=en&formcatformat=pdf,Source-site terms apply. Original source document is not redistributed by NEST.
238,en,Gov. & Public Svc.,workflow/0-html_template/data_en/238.html,Application for Approval of a Cartridge-Operated Fixing Tool,Hong Kong Labour Department: https://www.labour.gov.hk/common/osh/pdf/AF_COFT_en.pdf,Redistribution requires prior written authorization from the Hong Kong Labour Department. Original source document is not redistributed by NEST.
239,en,Workplace / HR,workflow/0-html_template/data_en/239.html,Maternity Leave Pay Scheme Application,Hong Kong Labour Department: https://www.rmlps.gov.hk/api/download?filename=AFFSE,Source-site terms apply. Original source document is not redistributed by NEST.
240,en,Workplace / HR,workflow/0-html_template/data_en/240.html,Reimbursement of Maternity Leave Pay Scheme Employer Application Form,Hong Kong Labour Department: https://www.rmlps.gov.hk/api/download?filename=AFFSE,Source-site terms apply. Original source document is not redistributed by NEST.
241,en,Workplace / HR,workflow/0-html_template/data_en/241.html,Reimbursement of Maternity Leave Pay Scheme Employer Application Form,Hong Kong Labour Department: https://www.rmlps.gov.hk/api/download?filename=AFFSE,Source-site terms apply. Original source document is not redistributed by NEST.
242,en,Finance,workflow/0-html_template/data_en/242.html,Deceased Employee's Long Service Payment Beneficiary Application,Hong Kong Labour Department: https://www.offsettingsubsidy.gov.hk/en/pdf/EE_application_form_beneficiary_eng.pdf,Source-site terms apply. Original source document is not redistributed by NEST.
243,en,Workplace / HR,workflow/0-html_template/data_en/243.html,Deceased Employee's Long Service Payment Beneficiary Application,Hong Kong Labour Department: https://www.offsettingsubsidy.gov.hk/en/pdf/EE_application_form_beneficiary_eng.pdf,Source-site terms apply. Original source document is not redistributed by NEST.
244,en,Workplace / HR,workflow/0-html_template/data_en/244.html,Request Form for Review/Appeal,Hong Kong Labour Department: https://www.offsettingsubsidy.gov.hk/en/pdf/EE_review_appeal_form_eng.pdf,Source-site terms apply. Original source document is not redistributed by NEST.
245,en,Gov. & Public Svc.,workflow/0-html_template/data_en/245.html,Certificate of Fitness for a Pressure Vessel,Hong Kong Labour Department: https://www.labour.gov.hk/eng/form/bpvd/EF1402E.pdf,Redistribution requires prior written authorization from the Hong Kong Labour Department. Original source document is not redistributed by NEST.
246,en (bilingual en/zh),Workplace / HR,workflow/0-html_template/data_en/246.html,YETP On-the-job Training Vacancy Registration Form,Hong Kong Labour Department: https://www.yes.labour.gov.hk/Download/Employer/emp_ojt_download_vacancyorderform_en.pdf,Source-site terms apply. Original source document is not redistributed by NEST.
247,en (bilingual en/zh),Workplace / HR,workflow/0-html_template/data_en/247.html,YETP 2025/26 Provision of Workplace Attachment Places Form,Hong Kong Labour Department: https://www.yes.labour.gov.hk/Download/Employer/emp_wpa_download_form_en.pdf?formcatid=3168&formcatlang=en&formcatformat=pdf,Source-site terms apply. Original source document is not redistributed by NEST.
248,en,Workplace / HR,workflow/0-html_template/data_en/248.html,Employer Notice of Employee Death or Accident,Hong Kong Labour Department: https://www.labour.gov.hk/eng/form/ecd/pdf/f2.pdf,Redistribution requires prior written authorization from the Hong Kong Labour Department. Original source document is not redistributed by NEST.
249,en,Workplace / HR,workflow/0-html_template/data_en/249.html,GBA Youth Employment Scheme 2026 Form,Hong Kong Labour Department: https://www2.jobs.gov.hk/0/doc/information/en/gbayes/gbayes_guidelines_en.pdf,Source-site terms apply. Original source document is not redistributed by NEST.
250,en,Workplace / HR,workflow/0-html_template/data_en/250.html,GBA-05 Notice of Employment Termination,Hong Kong Labour Department: https://www2.jobs.gov.hk/0/doc/information/en/gbayes/gbayes_guidelines_en.pdf,Source-site terms apply. Original source document is not redistributed by NEST.
251,en (bilingual en/zh),Gov. & Public Svc.,workflow/0-html_template/data_en/251.html,Application for Issue or Renewal of Export Permit,Hong Kong Environmental Protection Department: https://www.epd.gov.hk/epd/sites/default/files/epd/english/application_for_licences/applic_froms/files/form_mco2.pdf,Source-site terms apply. Original source document is not redistributed by NEST.
252,en,Business,workflow/0-html_template/data_en/252.html,Fresh Water Cooling Towers Operational Information Summary,Hong Kong Electrical and Mechanical Services Department: https://www.emsd.gov.hk/filemanager/en/content_1058/EMSD_EE_CT3_en_09-2024.pdf,Source-site terms apply. Original source document is not redistributed by NEST.
253,en (bilingual en/zh),Gov. & Public Svc.,workflow/0-html_template/data_en/253.html,Application for Approval to Use Oil Dispersants and Similar Substances,Hong Kong Environmental Protection Department: https://www.epd.gov.hk/epd/sites/default/files/epd/english/application_for_licences/applic_froms/files/epd115a.pdf,Source-site terms apply. Original source document is not redistributed by NEST.
254,en (bilingual en/zh),Healthcare,workflow/0-html_template/data_en/254.html,Application for Authorisation of On-site Clinical Waste Collection Point,Hong Kong Environmental Protection Department: https://www.epd.gov.hk/epd/sites/default/files/epd/english/application_for_licences/applic_froms/files/EPD123A3.pdf,Source-site terms apply. Original source document is not redistributed by NEST.
255,en,Gov. & Public Svc.,workflow/0-html_template/data_en/255.html,Application for a new / renewal of *Chemical Waste Disposal Licence,Hong Kong Environmental Protection Department: https://www.epd.gov.hk/epd/sites/default/files/epd/english/application_for_licences/applic_froms/files/epd127.pdf,Source-site terms apply. Original source document is not redistributed by NEST.
256,en (bilingual en/zh),Gov. & Public Svc.,workflow/0-html_template/data_en/256.html,Discrepancy List for Short-Term Registration,Hong Kong Environmental Protection Department: https://www.epd.gov.hk/epd/sites/default/files/epd/glass/registration/forms/RA4a_Discrepancy_list_Ordinary_Registration.pdf,Source-site terms apply. Original source document is not redistributed by NEST.
257,en (bilingual en/zh),Business,workflow/0-html_template/data_en/257.html,Application for Exemption from Submission of Audit Report,Hong Kong Environmental Protection Department: https://www.epd.gov.hk/epd/sites/default/files/epd/glass/registration/forms/RA5_Application_for_Exemption_from_Submission_of_Audit_Report.pdf,Source-site terms apply. Original source document is not redistributed by NEST.
258,en (bilingual en/zh),Business,workflow/0-html_template/data_en/258.html,Application for Endorsement of Removal Service Plan,Hong Kong Environmental Protection Department: https://weee.gov.hk/wp-content/uploads/REE5_fillable.pdf,Source-site terms apply. Original source document is not redistributed by NEST.
259,en (bilingual en/zh),Business,workflow/0-html_template/data_en/259.html,Dealer Application for Endorsement of Removal Service Plan - Continuation,Hong Kong Environmental Protection Department: https://weee.gov.hk/wp-content/uploads/REE5_fillable.pdf,Source-site terms apply. Original source document is not redistributed by NEST.
260,en (bilingual en/zh),Gov. & Public Svc.,workflow/0-html_template/data_en/260.html,Dealer Application for Endorsement of Removal Service Plan - Continuation,Hong Kong Environmental Protection Department: https://weee.gov.hk/wp-content/uploads/REE5_fillable.pdf,Source-site terms apply. Original source document is not redistributed by NEST.
261,en,Healthcare,workflow/0-html_template/data_en/261.html,Hospital Registration Form,Source Websites: Vertex42 (https://www.vertex42.com/); Template.net (https://www.template.net/),Source-site terms apply. Original source document is not redistributed by NEST.
262,en,Healthcare,workflow/0-html_template/data_en/262.html,Lab Requisition,Source Websites: Vertex42 (https://www.vertex42.com/); Template.net (https://www.template.net/),Source-site terms apply. Original source document is not redistributed by NEST.
263,en,Healthcare,workflow/0-html_template/data_en/263.html,Vital Signs Sheet,Source Websites: Vertex42 (https://www.vertex42.com/); Template.net (https://www.template.net/),Source-site terms apply. Original source document is not redistributed by NEST.
264,en,Healthcare,workflow/0-html_template/data_en/264.html,Daily blood glucose record,Source Websites: Vertex42 (https://www.vertex42.com/); Template.net (https://www.template.net/),Source-site terms apply. Original source document is not redistributed by NEST.
265,en,Healthcare,workflow/0-html_template/data_en/265.html,PATIENT INFORMATION SHEET,Source Websites: Vertex42 (https://www.vertex42.com/); Template.net (https://www.template.net/),Source-site terms apply. Original source document is not redistributed by NEST.
266,en,Healthcare,workflow/0-html_template/data_en/266.html,Patient Registration Form,Source Websites: Vertex42 (https://www.vertex42.com/); Template.net (https://www.template.net/),Source-site terms apply. Original source document is not redistributed by NEST.
267,en,Healthcare,workflow/0-html_template/data_en/267.html,New Patient Registration Form,Source Websites: Vertex42 (https://www.vertex42.com/); Template.net (https://www.template.net/),Source-site terms apply. Original source document is not redistributed by NEST.
268,en,Healthcare,workflow/0-html_template/data_en/268.html,Patient Information Form,Source Websites: Vertex42 (https://www.vertex42.com/); Template.net (https://www.template.net/),Source-site terms apply. Original source document is not redistributed by NEST.
269,en,Finance,workflow/0-html_template/data_en/269.html,GROUP Patient Registration Form,Source Websites: Vertex42 (https://www.vertex42.com/); Template.net (https://www.template.net/),Source-site terms apply. Original source document is not redistributed by NEST.
270,en,Healthcare,workflow/0-html_template/data_en/270.html,"Alabama Department of Public Health, Officeof EMS and Trauma Physician Medication Order Form",Source Websites: Vertex42 (https://www.vertex42.com/); Template.net (https://www.template.net/),Source-site terms apply. Original source document is not redistributed by NEST.
271,en,Healthcare,workflow/0-html_template/data_en/271.html,Prescription Form,Source Websites: Vertex42 (https://www.vertex42.com/); Template.net (https://www.template.net/),Source-site terms apply. Original source document is not redistributed by NEST.
272,en,Healthcare,workflow/0-html_template/data_en/272.html,Medication List,Source Websites: Vertex42 (https://www.vertex42.com/); Template.net (https://www.template.net/),Source-site terms apply. Original source document is not redistributed by NEST.
273,en,Healthcare,workflow/0-html_template/data_en/273.html,Medication List,Source Websites: Vertex42 (https://www.vertex42.com/); Template.net (https://www.template.net/),Source-site terms apply. Original source document is not redistributed by NEST.
274,en,Workplace / HR,workflow/0-html_template/data_en/274.html,Emergency Contact,Source Websites: Vertex42 (https://www.vertex42.com/); Template.net (https://www.template.net/),Source-site terms apply. Original source document is not redistributed by NEST.
275,en,Healthcare,workflow/0-html_template/data_en/275.html,Emergency Medical Form,Source Websites: Vertex42 (https://www.vertex42.com/); Template.net (https://www.template.net/),Source-site terms apply. Original source document is not redistributed by NEST.
276,en,Business,workflow/0-html_template/data_en/276.html,Notice of Objection – Greenhouse Gas Pollution Pricing Act,Government of Canada: https://www.canada.ca/content/dam/cra-arc/formspubs/pbg/rc644/rc644-26e.pdf,Government of Canada materials may be reproduced for non-commercial purposes under its stated conditions. Original source document is not redistributed by NEST.
277,en,Finance,workflow/0-html_template/data_en/277.html,Non-Resident Tax Discrepancy Notice,Government of Canada: https://www.canada.ca/,Government of Canada materials may be reproduced for non-commercial purposes under its stated conditions. Original source document is not redistributed by NEST.
278,en,Finance,workflow/0-html_template/data_en/278.html,Registered Charities Application to Reduce Disbursement Quota,Government of Canada: https://www.canada.ca/content/dam/cra-arc/formspubs/pbg/t2094/t2094-23e.pdf,Government of Canada materials may be reproduced for non-commercial purposes under its stated conditions. Original source document is not redistributed by NEST.
279,en,Finance,workflow/0-html_template/data_en/279.html,Notice of Objection - Income Tax Act,Government of Canada: https://www.canada.ca/content/dam/cra-arc/formspubs/pbg/t400a/t400a-26e.pdf,Government of Canada materials may be reproduced for non-commercial purposes under its stated conditions. Original source document is not redistributed by NEST.
280,en,Finance,workflow/0-html_template/data_en/280.html,Notice Of Objection (Excise Tax Act),Government of Canada: https://www.canada.ca/,Government of Canada materials may be reproduced for non-commercial purposes under its stated conditions. Original source document is not redistributed by NEST.
281,en,Finance,workflow/0-html_template/data_en/281.html,Appeal of a ruling under the Canada Pension Plan and/or Employment Insurance Act,Government of Canada: https://www.canada.ca/content/dam/cra-arc/formspubs/pbg/cpt100/cpt100-26e.pdf,Government of Canada materials may be reproduced for non-commercial purposes under its stated conditions. Original source document is not redistributed by NEST.
282,en,Finance,workflow/0-html_template/data_en/282.html,Appeal of an Assessment under the Canada Pension Plan and/or Employment Insurance Act,Government of Canada: https://www.canada.ca/content/dam/cra-arc/formspubs/pbg/cpt101/cpt101-26e.pdf,Government of Canada materials may be reproduced for non-commercial purposes under its stated conditions. Original source document is not redistributed by NEST.
283,en,Finance,workflow/0-html_template/data_en/283.html,"First-Time Filer after Incorporation, Amalgamation, or Subsidiary Winding-Up",Government of Canada: https://www.canada.ca/,Government of Canada materials may be reproduced for non-commercial purposes under its stated conditions. Original source document is not redistributed by NEST.
284,en,Finance,workflow/0-html_template/data_en/284.html,Notice of Objection (QST) for Selected Listed Financial Institutions,Government of Canada: https://www.canada.ca/content/dam/cra-arc/formspubs/pbg/rc375/rc375-26e.pdf,Government of Canada materials may be reproduced for non-commercial purposes under its stated conditions. Original source document is not redistributed by NEST.
285,en,Business,workflow/0-html_template/data_en/285.html,Notice of Objection – Purchaser,Government of Canada: https://www.canada.ca/,Government of Canada materials may be reproduced for non-commercial purposes under its stated conditions. Original source document is not redistributed by NEST.
286,en,Finance,workflow/0-html_template/data_en/286.html,"Notice of Objection (Select Luxury Items Tax Act (""SLITA""))",Government of Canada: https://www.canada.ca/,Government of Canada materials may be reproduced for non-commercial purposes under its stated conditions. Original source document is not redistributed by NEST.
287,en,Finance,workflow/0-html_template/data_en/287.html,Ontario Computer Animation and Special Effects Tax Credit (2017 and later tax years),Government of Canada: https://www.canada.ca/,Government of Canada materials may be reproduced for non-commercial purposes under its stated conditions. Original source document is not redistributed by NEST.
288,en,Workplace / HR,workflow/0-html_template/data_en/288.html,Application for a Retirement Compensation Arrangement (RCA) Account Number,Government of Canada: https://www.canada.ca/,Government of Canada materials may be reproduced for non-commercial purposes under its stated conditions. Original source document is not redistributed by NEST.
289,en,Finance,workflow/0-html_template/data_en/289.html,Request for Waiver or Cancellation of Tax on your Excess FHSA Amount,Government of Canada: https://www.canada.ca/content/dam/cra-arc/formspubs/pbg/rc729/rc729-25e.pdf,Government of Canada materials may be reproduced for non-commercial purposes under its stated conditions. Original source document is not redistributed by NEST.
290,en,Finance,workflow/0-html_template/data_en/290.html,AgriInvest Adjustment Request,Government of Canada: https://www.canada.ca/content/dam/cra-arc/formspubs/pbg/rc322/rc322-25e.pdf,Government of Canada materials may be reproduced for non-commercial purposes under its stated conditions. Original source document is not redistributed by NEST.
291,en,Finance,workflow/0-html_template/data_en/291.HTML,APPLICATION FOR CREDIT OR CHECK WRITING PNC INC. DBA: SEAPORT MEAT COMPANY,Seaport Meat Company: https://seaportmeat.com/wp-content/uploads/2017/02/seaportmeat-credit-aug2017-ext.pdf,Source-site terms apply. Original source document is not redistributed by NEST.
292,en,Finance,workflow/0-html_template/data_en/292.html,Vanguard Institutional Checkwriting Form,Vanguard: https://workplace.vanguard.com/content/dam/inst/iig-transformation/forms/institutional-checkwriting-form.pdf,Source-site terms apply. Original source document is not redistributed by NEST.
293,en,Finance,workflow/0-html_template/data_en/293.html,Account Owner Information Form,SampleTemplates: https://www.sampletemplates.com/,Source-site terms apply. Original source document is not redistributed by NEST.
294,en,Business,workflow/0-html_template/data_en/294.html,UTD BUSINESS CARD ORDER FORM FAX FORM TO UTD COPY CENTER – 2263 COPY CENTER - 2265,The University of Texas at Dallas: https://www.utdallas.edu,Source-site terms apply. Original source document is not redistributed by NEST.
295,en,Business,workflow/0-html_template/data_en/295.html,Contractor Agreement,SampleTemplates: https://www.sampletemplates.com/,Source-site terms apply. Original source document is not redistributed by NEST.
296,en,Business,workflow/0-html_template/data_en/296.html,Business Plan,SampleTemplates: https://www.sampletemplates.com/,Source-site terms apply. Original source document is not redistributed by NEST.
297,en,Workplace / HR,workflow/0-html_template/data_en/297.html,Business Plan - Ownership and Management,SampleTemplates: https://www.sampletemplates.com/,Source-site terms apply. Original source document is not redistributed by NEST.
298,en,Business,workflow/0-html_template/data_en/298.html,Security Offer,SampleTemplates: https://www.sampletemplates.com/,Source-site terms apply. Original source document is not redistributed by NEST.
299,en,Finance,workflow/0-html_template/data_en/299.html,Business Information Form,SampleTemplates: https://www.sampletemplates.com/,Source-site terms apply. Original source document is not redistributed by NEST.
300,en,Business,workflow/0-html_template/data_en/300.html,Sales and Marketing Plan,SampleTemplates: https://www.sampletemplates.com/,Source-site terms apply. Original source document is not redistributed by NEST.
301,en,Education,workflow/0-html_template/data_en/301.html,Student Financial Sponsorship Form,SampleTemplates: https://www.sampletemplates.com/,Source-site terms apply. Original source document is not redistributed by NEST.
302,en,Education,workflow/0-html_template/data_en/302.html,Student Sponsor Affidavit,SampleTemplates: https://www.sampletemplates.com/,Source-site terms apply. Original source document is not redistributed by NEST.
303,en,Workplace / HR,workflow/0-html_template/data_en/303.html,Applicant Personal Information Form,SampleTemplates: https://www.sampletemplates.com/,Source-site terms apply. Original source document is not redistributed by NEST.
304,en,Education,workflow/0-html_template/data_en/304.html,Student Information Form,SampleTemplates: https://www.sampletemplates.com/,Source-site terms apply. Original source document is not redistributed by NEST.
305,en,Workplace / HR,workflow/0-html_template/data_en/305.html,Research Application Contact Information,SampleTemplates: https://www.sampletemplates.com/,Source-site terms apply. Original source document is not redistributed by NEST.
306,en,Education,workflow/0-html_template/data_en/306.html,"Affidavit of Support from Funding Agency (government, organization or institution/school)",SampleTemplates: https://www.sampletemplates.com/,Source-site terms apply. Original source document is not redistributed by NEST.
307,en,Gov. & Public Svc.,workflow/0-html_template/data_en/307.html,Colorado Department of Labor & Employment Workforce Development Programs AFFIDAVIT OF IMMIGRATION STATUS,SampleTemplates: https://www.sampletemplates.com/,Source-site terms apply. Original source document is not redistributed by NEST.
308,en,Business,workflow/0-html_template/data_en/308.html,PEBB Domestic Partner Enrollment Form,SampleTemplates: https://www.sampletemplates.com/,Source-site terms apply. Original source document is not redistributed by NEST.
309,en,Gov. & Public Svc.,workflow/0-html_template/data_en/309.html,SUGGESTED FORMAT: PARENTAL CONSENT AFFIDAVIT (CONSENT FOR PERSON UNDER THE AGE OF 18 TO TRAVEL TO OR FROM THE REPUBLIC),SampleTemplates: https://www.sampletemplates.com/,Source-site terms apply. Original source document is not redistributed by NEST.
310,en,Business,workflow/0-html_template/data_en/310.html,Funeral and Memorial Arrangements,SampleTemplates: https://www.sampletemplates.com/,Source-site terms apply. Original source document is not redistributed by NEST.
311,en,Finance,workflow/0-html_template/data_en/311.html,"Affidavit of Financial Support from an Agency (Government, Organization, or Institution/School)",SampleTemplates: https://www.sampletemplates.com/,Source-site terms apply. Original source document is not redistributed by NEST.
312,en,Business,workflow/0-html_template/data_en/312.html,Site Development Information,SampleTemplates: https://www.sampletemplates.com/,Source-site terms apply. Original source document is not redistributed by NEST.
313,en,Business,workflow/0-html_template/data_en/313.html,Building Area Calculation Worksheet,SampleTemplates: https://www.sampletemplates.com/,Source-site terms apply. Original source document is not redistributed by NEST.
314,en,Business,workflow/0-html_template/data_en/314.html,Burial Arrangements,SampleTemplates: https://www.sampletemplates.com/,Source-site terms apply. Original source document is not redistributed by NEST.
315,en,Workplace / HR,workflow/0-html_template/data_en/315.html,Cremation Arrangements,SampleTemplates: https://www.sampletemplates.com/,Source-site terms apply. Original source document is not redistributed by NEST.
316,en,Workplace / HR,workflow/0-html_template/data_en/316.html,Obituary Planning Worksheet,SampleTemplates: https://www.sampletemplates.com/,Source-site terms apply. Original source document is not redistributed by NEST.
317,en,Business,workflow/0-html_template/data_en/317.html,Supplier Information - REQUIRED,SampleTemplates: https://www.sampletemplates.com/,Source-site terms apply. Original source document is not redistributed by NEST.
318,en,Finance,workflow/0-html_template/data_en/318.html,Church Expense Voucher,SampleTemplates: https://www.sampletemplates.com/,Source-site terms apply. Original source document is not redistributed by NEST.
319,en,Workplace / HR,workflow/0-html_template/data_en/319.html,WORK ACTIVITY QUESTIONNAIRE,SampleTemplates: https://www.sampletemplates.com/,Source-site terms apply. Original source document is not redistributed by NEST.
320,en,Workplace / HR,workflow/0-html_template/data_en/320.html,JOB APPLICATION - CONSTRUCTION,SampleTemplates: https://www.sampletemplates.com/,Source-site terms apply. Original source document is not redistributed by NEST.
321,en,Gov. & Public Svc.,workflow/0-html_template/data_en/321.html,Hague Child Abduction Application,U.S. Department of State: https://eforms.state.gov/Forms/ds3013.PDF,Source-site terms apply. Original source document is not redistributed by NEST.
322,en,Healthcare,workflow/0-html_template/data_en/322.html,Report of Medical Examination by Panel Physician,U.S. Department of State: https://eforms.state.gov/Forms/ds2054.PDF,Source-site terms apply. Original source document is not redistributed by NEST.
323,en,Education,workflow/0-html_template/data_en/323.html,DS-2038 Application for Certificate of International Educational Character,U.S. Department of State: https://eforms.state.gov/Forms/ds2006.PDF,Source-site terms apply. Original source document is not redistributed by NEST.
324,en,Gov. & Public Svc.,workflow/0-html_template/data_en/324.html,SHRIMP EXPORTER'S/IMPORTER'S DECLARATION,U.S. Department of State: https://eforms.state.gov/Forms/ds2031.PDF,Source-site terms apply. Original source document is not redistributed by NEST.
325,en,Finance,workflow/0-html_template/data_en/325.html,Hague Child Abduction Application - Continuation,U.S. Department of State: https://eforms.state.gov/Forms/ds3013.PDF,Source-site terms apply. Original source document is not redistributed by NEST.
326,en,Gov. & Public Svc.,workflow/0-html_template/data_en/326.html,FOREIGN MISSION EMERGENCY AFTER-HOURS CONTACT,U.S. Department of State: https://eforms.state.gov/Forms/ds7675.PDF,Source-site terms apply. Original source document is not redistributed by NEST.
327,en,Finance,workflow/0-html_template/data_en/327.html,FLAG LOAN REQUEST,U.S. Department of State: https://eforms.state.gov/Forms/ds7675.PDF,Source-site terms apply. Original source document is not redistributed by NEST.
328,en,Finance,workflow/0-html_template/data_en/328.html,Formal Complaint of Discrimination,U.S. Department of State: https://eforms.state.gov/Forms/ds3079.PDF,Source-site terms apply. Original source document is not redistributed by NEST.
329,en,Workplace / HR,workflow/0-html_template/data_en/329.html,EEO Complaint Form,U.S. Department of State: https://eforms.state.gov/Forms/ds3079.PDF,Source-site terms apply. Original source document is not redistributed by NEST.
330,en,Gov. & Public Svc.,workflow/0-html_template/data_en/330.html,Questionnaire - Loss of United States Nationality,U.S. Department of State: https://eforms.state.gov/Forms/ds3079.PDF,Source-site terms apply. Original source document is not redistributed by NEST.
331,en,Gov. & Public Svc.,workflow/0-html_template/data_en/331.html,U.S. Department of State APPLICATION FOR OFM WEBSITE ACCOUNT,U.S. Department of State: https://eforms.state.gov/Forms/ds4140.PDF,Source-site terms apply. Original source document is not redistributed by NEST.
332,en,Gov. & Public Svc.,workflow/0-html_template/data_en/332.html,APPLICATION FOR OFM WEBSITE ACCOUNT,U.S. Department of State: https://eforms.state.gov/Forms/ds4140.PDF,Source-site terms apply. Original source document is not redistributed by NEST.
333,en,Workplace / HR,workflow/0-html_template/data_en/333.html,Risk Analysis Information Form,U.S. Department of State: https://eforms.state.gov/Forms/ds4184.PDF,Source-site terms apply. Original source document is not redistributed by NEST.
334,en,Business,workflow/0-html_template/data_en/334.html,Hague Child Abduction Application - Continuation,U.S. Department of State: https://eforms.state.gov/Forms/ds3013.PDF,Source-site terms apply. Original source document is not redistributed by NEST.
335,en,Gov. & Public Svc.,workflow/0-html_template/data_en/335.html,DS-2038 Application for Certificate of International Educational Character,U.S. Department of State: https://eforms.state.gov/Forms/ds2038.PDF,Source-site terms apply. Original source document is not redistributed by NEST.
336,en,Gov. & Public Svc.,workflow/0-html_template/data_en/336.html,Extra Mile Award Form,U.S. Department of State: https://eforms.state.gov/Forms/ds1952.PDF,Source-site terms apply. Original source document is not redistributed by NEST.
337,en,Business,workflow/0-html_template/data_en/337.html,OUTLET REPORT,U.S. Department of State: https://eforms.state.gov/Forms/ds2020_p1p2.PDF,Source-site terms apply. Original source document is not redistributed by NEST.
338,en,Business,workflow/0-html_template/data_en/338.html,DS-2038 Application for Certificate of International Educational Character,U.S. Department of State: https://eforms.state.gov/Forms/ds2038.PDF,Source-site terms apply. Original source document is not redistributed by NEST.
339,en,Gov. & Public Svc.,workflow/0-html_template/data_en/339.html,Application for Certificate of International Educational Character - Media Description,U.S. Department of State: https://eforms.state.gov/Forms/ds3013_s.PDF,Source-site terms apply. Original source document is not redistributed by NEST.
340,en,Workplace / HR,workflow/0-html_template/data_en/340.html,RETURN TO OFFICIAL DUTY STATION,U.S. Department of State: https://eforms.state.gov/Forms/ds5106.PDF,Source-site terms apply. Original source document is not redistributed by NEST.
341,en,Workplace / HR,workflow/0-html_template/data_en/341.html,CONSENT TO RELEASE OF PERSONAL INFORMATION,U.S. Department of State: https://eforms.state.gov/Forms/ds5505.PDF,Source-site terms apply. Original source document is not redistributed by NEST.
342,en,Workplace / HR,workflow/0-html_template/data_en/342.html,Law Enforcement Service History (Reverse Chronological Order) (continued),U.S. Department of State: https://eforms.state.gov/Forms/ds7809.PDF,Source-site terms apply. Original source document is not redistributed by NEST.
343,en,Finance,workflow/0-html_template/data_en/343.html,Employee Timesheet,U.S. Department of State: https://eforms.state.gov/Forms/ds7603.PDF,Source-site terms apply. Original source document is not redistributed by NEST.
344,en,Workplace / HR,workflow/0-html_template/data_en/344.html,Training/Internship Placement Plan,U.S. Department of State: https://eforms.state.gov/Forms/ds7002.PDF,Source-site terms apply. Original source document is not redistributed by NEST.
345,en,Finance,workflow/0-html_template/data_en/345.html,DS-7604 Living Quarters Summary Expenditure Report,U.S. Department of State: https://eforms.state.gov/Forms/ds7604.PDF,Source-site terms apply. Original source document is not redistributed by NEST.
346,en,Gov. & Public Svc.,workflow/0-html_template/data_en/346.html,APPLICATION NO-FEE TRANSMITTAL,U.S. Department of State: https://eforms.state.gov/Forms/ds7691.PDF,Source-site terms apply. Original source document is not redistributed by NEST.
347,en,Workplace / HR,workflow/0-html_template/data_en/347.html,Development Plan,U.S. Department of State: https://eforms.state.gov/Forms/jf50_d.PDF,Source-site terms apply. Original source document is not redistributed by NEST.
348,en,Workplace / HR,workflow/0-html_template/data_en/348.html,JF-57-EPR Employee Performance Report for Not Ordinarily Resident (NOR) Employees,U.S. Department of State: https://eforms.state.gov/Forms/jf57_epr.PDF,Source-site terms apply. Original source document is not redistributed by NEST.
349,en,Gov. & Public Svc.,workflow/0-html_template/data_en/349.html,Certification for Foster Child Status under the FEHB Program,U.S. Department of State: https://eforms.state.gov/Forms/ds5111_h.PDF,Source-site terms apply. Original source document is not redistributed by NEST.
350,en,Business,workflow/0-html_template/data_en/350.html,DS-5511 Affidavit for the Surviving Spouse or Next of Kin,U.S. Department of State: https://eforms.state.gov/Forms/ds5511.PDF,Source-site terms apply. Original source document is not redistributed by NEST.
351,en,Finance,workflow/0-html_template/data_en/351.html,Lifelong Learning Plan (LLP) – Cancellation,Government of Canada: https://www.canada.ca/content/dam/cra-arc/formspubs/pbg/rc97/rc97-25e.pdf,Government of Canada materials may be reproduced for non-commercial purposes under its stated conditions. Original source document is not redistributed by NEST.
352,en,Finance,workflow/0-html_template/data_en/352.html,"Worksheet for Part XI.1 Tax on Non-Qualified Property of an RRSP and RRIF, or RESP trust",Government of Canada: https://www.canada.ca/,Government of Canada materials may be reproduced for non-commercial purposes under its stated conditions. Original source document is not redistributed by NEST.
353,en,Finance,workflow/0-html_template/data_en/353.html,Election to Claim a Capital Gains Reserve under Replacement Property Rules,Government of Canada: https://www.canada.ca/,Government of Canada materials may be reproduced for non-commercial purposes under its stated conditions. Original source document is not redistributed by NEST.
354,en,Finance,workflow/0-html_template/data_en/354.html,Home Buyers' Plan (HBP) – Cancellation,Government of Canada: https://www.canada.ca/content/dam/cra-arc/formspubs/pbg/rc471/rc471-25e.pdf,Government of Canada materials may be reproduced for non-commercial purposes under its stated conditions. Original source document is not redistributed by NEST.
355,en,Finance,workflow/0-html_template/data_en/355.html,Notice of the Actual Amount of the Refund of Tax,Government of Canada: https://www.canada.ca/content/dam/cra-arc/formspubs/pbg/rc72/rc72-25e.pdf,Government of Canada materials may be reproduced for non-commercial purposes under its stated conditions. Original source document is not redistributed by NEST.
356,en,Business,workflow/0-html_template/data_en/356.html,Diving Contractor’s Information,UK Health and Safety Executive: https://www.hse.gov.uk/,Source-site terms apply. Original source document is not redistributed by NEST.
357,en,Finance,workflow/0-html_template/data_en/357.html,Rollover to a Registered Disability Savings Plan (RDSP),Government of Canada: https://www.canada.ca/content/dam/cra-arc/formspubs/pbg/rc4625/rc4625-25e.pdf,Government of Canada materials may be reproduced for non-commercial purposes under its stated conditions. Original source document is not redistributed by NEST.
358,en,Gov. & Public Svc.,workflow/0-html_template/data_en/358.html,Record of inspection of a Licensed Asbestos Contractor by a Local Authority Inspector,UK Health and Safety Executive: https://www.hse.gov.uk/,Source-site terms apply. Original source document is not redistributed by NEST.
359,en,Workplace / HR,workflow/0-html_template/data_en/359.html,Connected Person Information Return,Government of Canada: https://www.canada.ca/content/dam/cra-arc/formspubs/pbg/t1007/t1007-25e.pdf,Government of Canada materials may be reproduced for non-commercial purposes under its stated conditions. Original source document is not redistributed by NEST.
360,en,Business,workflow/0-html_template/data_en/360.html,Fuel Charge Return for Fuel Held in a Listed Province on Adjustment Day,Government of Canada: https://www.canada.ca/content/dam/cra-arc/formspubs/pbg/b402/b402-24e.pdf,Government of Canada materials may be reproduced for non-commercial purposes under its stated conditions. Original source document is not redistributed by NEST.
361,en,Business,workflow/0-html_template/data_en/361.html,Fuel Charge Return for Fuel Held in a Listed Province on Adjustment Day,Government of Canada: https://www.canada.ca/content/dam/cra-arc/formspubs/pbg/b402/b402-24e.pdf,Government of Canada materials may be reproduced for non-commercial purposes under its stated conditions. Original source document is not redistributed by NEST.
362,en,Finance,workflow/0-html_template/data_en/362.html,Statement of Availability or Declination from Authorized Insurers – Tax on Insurance Premiums under Part I of the Excise Tax Act,Government of Canada: https://www.canada.ca/,Government of Canada materials may be reproduced for non-commercial purposes under its stated conditions. Original source document is not redistributed by NEST.
363,en,Finance,workflow/0-html_template/data_en/363.html,Special Import Certificate Application,Government of Canada: https://www.canada.ca/,Government of Canada materials may be reproduced for non-commercial purposes under its stated conditions. Original source document is not redistributed by NEST.
364,en,Finance,workflow/0-html_template/data_en/364.html,"Request for Waiver or Cancellation of Part X.1 Tax – RRSP, PRPP, and SPP Excess Contribution Tax",Government of Canada: https://www.canada.ca/content/dam/cra-arc/formspubs/pbg/rc2503/rc2503-25e.pdf,Government of Canada materials may be reproduced for non-commercial purposes under its stated conditions. Original source document is not redistributed by NEST.
365,en,Finance,workflow/0-html_template/data_en/365.html,Transfer between Registered Retirement Plans on Relationship Breakdown,Government of Canada: https://www.canada.ca/content/dam/cra-arc/formspubs/pbg/t2220/t2220-25e.pdf,Government of Canada materials may be reproduced for non-commercial purposes under its stated conditions. Original source document is not redistributed by NEST.
366,en,Finance,workflow/0-html_template/data_en/366.html,Income of Non-Resident Spouse or Common-Law Partner for the Canada Child Benefit,Government of Canada: https://www.canada.ca/,Government of Canada materials may be reproduced for non-commercial purposes under its stated conditions. Original source document is not redistributed by NEST.
367,en,Finance,workflow/0-html_template/data_en/367.html,Direct Deposit Request for Children's Special Allowances,Government of Canada: https://www.canada.ca/content/dam/cra-arc/formspubs/pbg/rc113/rc113-25e.pdf,Government of Canada materials may be reproduced for non-commercial purposes under its stated conditions. Original source document is not redistributed by NEST.
368,en,Finance,workflow/0-html_template/data_en/368.html,Investments Prescribed to be Qualified Information Return,Government of Canada: https://www.canada.ca/,Government of Canada materials may be reproduced for non-commercial purposes under its stated conditions. Original source document is not redistributed by NEST.
369,en,Finance,workflow/0-html_template/data_en/369.html,Marital Status Change,Government of Canada: https://www.canada.ca/content/dam/cra-arc/formspubs/pbg/rc65/rc65-25e.pdf,Government of Canada materials may be reproduced for non-commercial purposes under its stated conditions. Original source document is not redistributed by NEST.
370,en,Finance,workflow/0-html_template/data_en/370.html,Marital Status Change,Government of Canada: https://www.canada.ca/content/dam/cra-arc/formspubs/pbg/rc65/rc65-25e.pdf,Government of Canada materials may be reproduced for non-commercial purposes under its stated conditions. Original source document is not redistributed by NEST.
371,en,Workplace / HR,workflow/0-html_template/data_en/371.html,Request for legal assistance and/or indemnification form,Government of Canada: https://www.canada.ca/,Government of Canada materials may be reproduced for non-commercial purposes under its stated conditions. Original source document is not redistributed by NEST.
372,en,Gov. & Public Svc.,workflow/0-html_template/data_en/372.html,Request for legal assistance and/or indemnification form,Government of Canada: https://www.canada.ca/,Government of Canada materials may be reproduced for non-commercial purposes under its stated conditions. Original source document is not redistributed by NEST.
373,en,Workplace / HR,workflow/0-html_template/data_en/373.html,Request for legal assistance and/or indemnification form,Government of Canada: https://www.canada.ca/,Government of Canada materials may be reproduced for non-commercial purposes under its stated conditions. Original source document is not redistributed by NEST.
374,en,Workplace / HR,workflow/0-html_template/data_en/374.html,Request for legal assistance and/or indemnification form,Government of Canada: https://www.canada.ca/,Government of Canada materials may be reproduced for non-commercial purposes under its stated conditions. Original source document is not redistributed by NEST.
375,en,Finance,workflow/0-html_template/data_en/375.html,Notice of Revocation of Waiver,Government of Canada: https://www.canada.ca/,Government of Canada materials may be reproduced for non-commercial purposes under its stated conditions. Original source document is not redistributed by NEST.
376,en,Finance,workflow/0-html_template/data_en/376.html,Application for a Canada Revenue Agency Non-Resident Representative Number (NRRN),Government of Canada: https://www.canada.ca/content/dam/cra-arc/formspubs/pbg/rc391/rc391-25e.pdf,Government of Canada materials may be reproduced for non-commercial purposes under its stated conditions. Original source document is not redistributed by NEST.
377,en,Finance,workflow/0-html_template/data_en/377.html,Offshore Tax Informant Program (OTIP) Submission Form,Government of Canada: https://www.canada.ca/content/dam/cra-arc/formspubs/pbg/rc626/rc626-25e.pdf,Government of Canada materials may be reproduced for non-commercial purposes under its stated conditions. Original source document is not redistributed by NEST.
378,en,Finance,workflow/0-html_template/data_en/378.html,Offshore Tax Informant Program (OTIP) Submission Form,Government of Canada: https://www.canada.ca/content/dam/cra-arc/formspubs/pbg/rc626/rc626-25e.pdf,Government of Canada materials may be reproduced for non-commercial purposes under its stated conditions. Original source document is not redistributed by NEST.
379,en,Finance,workflow/0-html_template/data_en/379.html,Offshore Tax Informant Program (OTIP) Submission Form,Government of Canada: https://www.canada.ca/content/dam/cra-arc/formspubs/pbg/rc626/rc626-25e.pdf,Government of Canada materials may be reproduced for non-commercial purposes under its stated conditions. Original source document is not redistributed by NEST.
380,en,Business,workflow/0-html_template/data_en/380.html,Pooled Registered Pension Plan Amendment Information,Government of Canada: https://www.canada.ca/content/dam/cra-arc/formspubs/pbg/rc365/rc365-23e.pdf,Government of Canada materials may be reproduced for non-commercial purposes under its stated conditions. Original source document is not redistributed by NEST.
381,en (bilingual en/zh),Finance,workflow/0-html_template/data_en/381.html,Notification of Change of Correspondence Address or Telephone Number,Hong Kong Working Family and Student Financial Assistance Agency: https://www.wfsfaa.gov.hk/sfo/pdf/common/Form/sl/SFO96.pdf,Source-site terms apply. Original source document is not redistributed by NEST.
382,en,Education,workflow/0-html_template/data_en/382.html,Notification of Change of Institution or Course Data,Hong Kong Working Family and Student Financial Assistance Agency: https://www.wfsfaa.gov.hk/sfo/pdf/common/Form/tsfs/TSF-C-18B-E.pdf,Source-site terms apply. Original source document is not redistributed by NEST.
383,en,Finance,workflow/0-html_template/data_en/383.html,APPLICATION FOR DEFERMENT OF LOAN REPAYMENT (DUE TO FURTHER FULL-TIME STUDY),Hong Kong Working Family and Student Financial Assistance Agency: https://www.wfsfaa.gov.hk/sfo/pdf/common/Form/SFO101E.pdf,Source-site terms apply. Original source document is not redistributed by NEST.
384,en (bilingual en/zh),Gov. & Public Svc.,workflow/0-html_template/data_en/384.html,Application for Employment with the HKSAR Government,Hong Kong Civil Service Bureau: https://www.csb.gov.hk/english/recruit/application/files/common/GF340.pdf,Source-site terms apply. Original source document is not redistributed by NEST.
385,en,Finance,workflow/0-html_template/data_en/385.html,Waterworks Form WWO243 - Application For Termination Of Consumership And Refund Of Water Deposit,Hong Kong Water Supplies Department: https://www.wsd.gov.hk/filemanager/en/content_1286/WWO243%20(Rev%20Oct%202025).pdf,Source-site terms apply. Original source document is not redistributed by NEST.
386,en,Finance,workflow/0-html_template/data_en/386.html,繳交差餉及／或地租直接付款授權書 Direct Debit Authorisation for Payment of Rates and/or Government Rent,Hong Kong Rating and Valuation Department: https://www.rvd.gov.hk/doc/en/forms/rvd1008.pdf,Source-site terms apply. Original source document is not redistributed by NEST.
387,en,Gov. & Public Svc.,workflow/0-html_template/data_en/387.html,APPLICATION FOR CERTIFICATE OF NO CRIMINAL CONVICTION,Hong Kong Police Force: https://www.police.gov.hk/info/doc/cert_no_crime/en/172a.pdf,Source-site terms apply. Original source document is not redistributed by NEST.
388,en,Gov. & Public Svc.,workflow/0-html_template/data_en/388.html,Application for Service for Keeping of Abortus,Hong Kong Food and Environmental Hygiene Department: https://www.fehd.gov.hk/english/forms/fehb282.pdf?formcatid=3157&formcatlang=en&formcatformat=pdf,Source-site terms apply. Original source document is not redistributed by NEST.
389,en,Gov. & Public Svc.,workflow/0-html_template/data_en/389.html,CEMETERIES & CREMATORIA SECTION APPLICATION FOR CREMATION OF SKELETAL REMAINS,Hong Kong Food and Environmental Hygiene Department: https://www.fehd.gov.hk/english/forms/fehb263.pdf?formcatid=1296&formcatlang=en&formcatformat=pdf,Source-site terms apply. Original source document is not redistributed by NEST.
390,en,Gov. & Public Svc.,workflow/0-html_template/data_en/390.html,CEMETERIES & CREMATORIA SECTION APPLICATION FOR TEMPORARY STORAGE SERVICE FOR CREMAINS,Hong Kong Food and Environmental Hygiene Department: https://www.fehd.gov.hk/english/forms/fehb251.pdf?formcatid=1288&formcatlang=en&formcatformat=pdf,Source-site terms apply. Original source document is not redistributed by NEST.
391,en,Healthcare,workflow/0-html_template/data_en/391.html,Continuing Education in Chinese Medicine (CME) Change of Particulars of Accredited Institution,Chinese Medicine Council of Hong Kong: https://www.cmchk.org.hk/cmp/pdf/CME_institution_info_e.pdf,Source-site terms apply. Original source document is not redistributed by NEST.
392,en,Healthcare,workflow/0-html_template/data_en/392.html,Continuing Education in Chinese Medicine (CME) Change of Particulars of Accredited Institution,Chinese Medicine Council of Hong Kong: https://www.cmchk.org.hk/cmp/pdf/CME_institution_info_e.pdf,Source-site terms apply. Original source document is not redistributed by NEST.
393,en,Education,workflow/0-html_template/data_en/393.html,Application Form for Volunteer Service,Chinese Medicine Council of Hong Kong: https://www.cmchk.org.hk/cmp/pdf/CME_institution_info_e.pdf,Source-site terms apply. Original source document is not redistributed by NEST.
394,en,Education,workflow/0-html_template/data_en/394.html,Application form for school/organization visits,Hong Kong Food and Environmental Hygiene Department: https://www.fehd.gov.hk/english/research_education/heerc/school_group_visit.PDF,Source-site terms apply. Original source document is not redistributed by NEST.
395,en,Workplace / HR,workflow/0-html_template/data_en/395.html,Application for Exemption of Regulated Products under the Human Organ Transplant Ordinance (Chapter 465),Hong Kong Department of Health: https://www.dh.gov.hk/english/useful/useful_hot_exemption/files/202003_HOT_AppForm.pdf,Source-site terms apply. Original source document is not redistributed by NEST.
396,en,Healthcare,workflow/0-html_template/data_en/396.html,船舶免予衞生控制證書/ 船舶衞生控制證書申請表格 Application form for Ship Sanitation Control Exemption Certificate / Ship Sanitation Control Certificate,Hong Kong Department of Health: https://www.dh.gov.hk/english/useful/useful_forms/files/dh2666.pdf,Source-site terms apply. Original source document is not redistributed by NEST.
397,en,Workplace / HR,workflow/0-html_template/data_en/397.html,Application for Location Filming at Sites Controlled by Radio Television Hong Kong,Radio Television Hong Kong: https://www.rthk.hk/downloads/pdf/locatfilm_forme.pdf,Source-site terms apply. Original source document is not redistributed by NEST.
398,en,Business,workflow/0-html_template/data_en/398.html,NN9 - Return of Change of Address of Registered Non-Hong Kong Company 註冊非香港公司更改地址申報表,Hong Kong Companies Registry: https://www.cr.gov.hk/en/companies_ordinance/docs/NN9_fillable.pdf?formcatid=416&formcatlang=en&formcatformat=pdf,Source-site terms apply. Original source document is not redistributed by NEST.
399,en,Business,workflow/0-html_template/data_en/399.html,Local CourierPost Pick-up Service Order Form (applicable to account customer only),Hongkong Post: https://hongkongpost.hk/filemanager/common/forms/en/pdf/pos554.pdf,Source-site terms apply. Original source document is not redistributed by NEST.
400,en,Business,workflow/0-html_template/data_en/400.html,Annex C – Personal Data Correction Request Form,Hongkong Post: https://hongkongpost.hk/filemanager/common/forms/en/pdf/pos736A.pdf,Source-site terms apply. Original source document is not redistributed by NEST.
401,en,Business,workflow/0-html_template/data_en/401.html,Mail Enquiry Form,Hongkong Post: https://www.hongkongpost.hk/filemanager/common/forms/en/pdf/enquiry.pdf,Source-site terms apply. Original source document is not redistributed by NEST.
402,en,Gov. & Public Svc.,workflow/0-html_template/data_en/402.html,要求香港郵政購回未經使用的郵票申請表 / Application for Repurchase of Unused Postage Stamps by Hongkong Post,Hongkong Post: https://hongkongpost.hk/filemanager/common/forms/en/pdf/pos160.pdf,Source-site terms apply. Original source document is not redistributed by NEST.
403,en,Business,workflow/0-html_template/data_en/403.html,本地郵政速遞收件通知書(只適合登記帳戶使用回程優惠服務) Local CourierPost Pick-up at Non-registered Address Order Form,Hongkong Post: https://www.hongkongpost.hk/filemanager/common/forms/tc/pdf/pos554r.pdf,Source-site terms apply. Original source document is not redistributed by NEST.
404,en,Gov. & Public Svc.,workflow/0-html_template/data_en/404.html,參觀郵政局/中央郵件中心申請表格 Application Form - Visit to Post Office / Central Mail Centre,Hongkong Post: https://hongkongpost.hk/filemanager/common/forms/en/pdf/visit.pdf?formcatid=1461&formcatlang=en&formcatformat=pdf,Source-site terms apply. Original source document is not redistributed by NEST.
405,en,Gov. & Public Svc.,workflow/0-html_template/data_en/405.html,Hongkong Post e-Cert (Encipherment) Certificate Renewal Form,Hongkong Post e-Cert: https://www.ecert.gov.hk/product/ecert/apply/img/e-Cert_(E)_RN.pdf?formcatid=185&formcatlang=en&formcatformat=pdf,Source-site terms apply. Original source document is not redistributed by NEST.
406,en,Business,workflow/0-html_template/data_en/406.html,Renewal Form for e-Cert (Personal) Certificate,Hongkong Post e-Cert: https://www.ecert.gov.hk/product/ecert/apply/img/e-Cert_(P)_RN.pdf?formcatid=182&formcatlang=en&formcatformat=pdf,Source-site terms apply. Original source document is not redistributed by NEST.
407,en,Gov. & Public Svc.,workflow/0-html_template/data_en/407.html,大量掛號郵件投寄證明書 / Certificate of Bulk Posting for Registered Mail,Hongkong Post: https://hongkongpost.hk/filemanager/common/forms/en/pdf/pos20.pdf?formcatid=179&formcatlang=en&formcatformat=pdf,Source-site terms apply. Original source document is not redistributed by NEST.
408,en,Finance,workflow/0-html_template/data_en/408.html,Application for Refund of Search Fee,Hong Kong Land Registry: https://www.landreg.gov.hk/pdf/en/lr-ols-9.pdf?formcatid=3570&formcatlang=en&formcatformat=pdf,Source-site terms apply. Original source document is not redistributed by NEST.
409,en,Workplace / HR,workflow/0-html_template/data_en/409.html,Application for Sea-going Training Incentive Scheme (SGTIS),Hong Kong Marine Department: https://www.mardep.gov.hk/filemanager/en/share/forms/pdf/md817.pdf?formcatid=3461&formcatlang=en&formcatformat=pdf,Source-site terms apply. Original source document is not redistributed by NEST.
410,en,Gov. & Public Svc.,workflow/0-html_template/data_en/410.html,許可證申請表（只適用於經港珠澳大橋往來港澳的澳門跨境貨車） APPLICATION FOR CLOSED ROAD PERMIT FOR CROSS BOUNDARY VEHICLES,Hong Kong Transport Department: https://www.td.gov.hk/filemanager/en/content_1129/TD549_2023.pdf?formcatid=3433&formcatlang=en&formcatformat=pdf,Redistribution requires prior written authorization from the Hong Kong Transport Department. Original source document is not redistributed by NEST.
411,en,Workplace / HR,workflow/0-html_template/data_en/411.html,Information Request Form,Hong Kong SAR Government: https://www.access.gov.hk/filemanager/content/howtomakeinfo/ati.pdf?formcatid=3510&formcatlang=en&formcatformat=pdf,Source-site terms apply. Original source document is not redistributed by NEST.
412,en,Gov. & Public Svc.,workflow/0-html_template/data_en/412.html,APPLICATION FORM FOR CLOSED ROAD / BUS LANE / RESTRICTED ZONE / PROHIBITED ZONE PERMIT,Hong Kong Transport Department: https://www.td.gov.hk/filemanager/common/TD606_11.2021.pdf?formcatid=2753&formcatlang=en&formcatformat=pdf,Redistribution requires prior written authorization from the Hong Kong Transport Department. Original source document is not redistributed by NEST.
413,en,Business,workflow/0-html_template/data_en/413.html,Application for Hong Kong-Zhuhai-Macao Bridge MacaoPort Park-and-Ride Scheme,Hong Kong Transport Department: https://www.td.gov.hk/filemanager/en/content_1135/01b_TD621A_HZMB%20Macao%20Port%20PnR%20-%20Application%20Form_IL_20250925_eng_8.10.2025_clean.pdf?formcatid=2748&formcatlang=en&formcatformat=pdf,Redistribution requires prior written authorization from the Hong Kong Transport Department. Original source document is not redistributed by NEST.
414,en,Gov. & Public Svc.,workflow/0-html_template/data_en/414.html,Application for Hong Kong-Zhuhai-Macao Bridge MacaoPort Park-and-Ride Scheme,Hong Kong Transport Department: https://www.td.gov.hk/filemanager/en/content_1135/01b_TD621A_HZMB%20Macao%20Port%20PnR%20-%20Application%20Form_IL_20250925_eng_8.10.2025_clean.pdf?formcatid=2748&formcatlang=en&formcatformat=pdf,Redistribution requires prior written authorization from the Hong Kong Transport Department. Original source document is not redistributed by NEST.
1,zh,Workplace / HR,workflow/0-html_template/data_zh/1.html,我的个人信息,Source Websites: Ooopic (https://so.ooopic.com/); 51miz (https://www.51miz.com/); 58pic (https://www.58pic.com/); Ibaotu (https://ibaotu.com/),Source-site terms apply. Original source document is not redistributed by NEST.
2,zh,Workplace / HR,workflow/0-html_template/data_zh/2.html,新员工转正申请表,Source Websites: Ooopic (https://so.ooopic.com/); 51miz (https://www.51miz.com/); 58pic (https://www.58pic.com/); Ibaotu (https://ibaotu.com/),Source-site terms apply. Original source document is not redistributed by NEST.
3,zh,Workplace / HR,workflow/0-html_template/data_zh/3.html,员工离职申请表,Source Websites: Ooopic (https://so.ooopic.com/); 51miz (https://www.51miz.com/); 58pic (https://www.58pic.com/); Ibaotu (https://ibaotu.com/),Source-site terms apply. Original source document is not redistributed by NEST.
4,zh,Workplace / HR,workflow/0-html_template/data_zh/4.html,人事档案表,Source Websites: Ooopic (https://so.ooopic.com/); 51miz (https://www.51miz.com/); 58pic (https://www.58pic.com/); Ibaotu (https://ibaotu.com/),Source-site terms apply. Original source document is not redistributed by NEST.
5,zh,Workplace / HR,workflow/0-html_template/data_zh/5.html,个人简历,Source Websites: Ooopic (https://so.ooopic.com/); 51miz (https://www.51miz.com/); 58pic (https://www.58pic.com/); Ibaotu (https://ibaotu.com/),Source-site terms apply. Original source document is not redistributed by NEST.
6,zh,Workplace / HR,workflow/0-html_template/data_zh/6.html,应届本科毕业生个人求职简历表格,Source Websites: Ooopic (https://so.ooopic.com/); 51miz (https://www.51miz.com/); 58pic (https://www.58pic.com/); Ibaotu (https://ibaotu.com/),Source-site terms apply. Original source document is not redistributed by NEST.
7,zh,Workplace / HR,workflow/0-html_template/data_zh/7.html,应聘个人履历表,Source Websites: Ooopic (https://so.ooopic.com/); 51miz (https://www.51miz.com/); 58pic (https://www.58pic.com/); Ibaotu (https://ibaotu.com/),Source-site terms apply. Original source document is not redistributed by NEST.
8,zh,Education,workflow/0-html_template/data_zh/8.html,学 生 基 本 信 息,Source Websites: Ooopic (https://so.ooopic.com/); 51miz (https://www.51miz.com/); 58pic (https://www.58pic.com/); Ibaotu (https://ibaotu.com/),Source-site terms apply. Original source document is not redistributed by NEST.
9,zh,Workplace / HR,workflow/0-html_template/data_zh/9.html,员工档案信息登记表,Source Websites: Ooopic (https://so.ooopic.com/); 51miz (https://www.51miz.com/); 58pic (https://www.58pic.com/); Ibaotu (https://ibaotu.com/),Source-site terms apply. Original source document is not redistributed by NEST.
10,zh,Healthcare,workflow/0-html_template/data_zh/10.html,个人健康体检表,Source Websites: Ooopic (https://so.ooopic.com/); 51miz (https://www.51miz.com/); 58pic (https://www.58pic.com/); Ibaotu (https://ibaotu.com/),Source-site terms apply. Original source document is not redistributed by NEST.
11,zh,Workplace / HR,workflow/0-html_template/data_zh/11.html,个人求职履历_简历表格,Source Websites: Ooopic (https://so.ooopic.com/); 51miz (https://www.51miz.com/); 58pic (https://www.58pic.com/); Ibaotu (https://ibaotu.com/),Source-site terms apply. Original source document is not redistributed by NEST.
12,zh,Workplace / HR,workflow/0-html_template/data_zh/12.html,入职信息登记表,Source Websites: Ooopic (https://so.ooopic.com/); 51miz (https://www.51miz.com/); 58pic (https://www.58pic.com/); Ibaotu (https://ibaotu.com/),Source-site terms apply. Original source document is not redistributed by NEST.
13,zh,Business,workflow/0-html_template/data_zh/13.html,客户档案信息,Source Websites: Ooopic (https://so.ooopic.com/); 51miz (https://www.51miz.com/); 58pic (https://www.58pic.com/); Ibaotu (https://ibaotu.com/),Source-site terms apply. Original source document is not redistributed by NEST.
14,zh,Gov. & Public Svc.,workflow/0-html_template/data_zh/14.html,中共党员个人信息登记表,Source Websites: Ooopic (https://so.ooopic.com/); 51miz (https://www.51miz.com/); 58pic (https://www.58pic.com/); Ibaotu (https://ibaotu.com/),Source-site terms apply. Original source document is not redistributed by NEST.
15,zh,Workplace / HR,workflow/0-html_template/data_zh/15.html,个人简历,Source Websites: Ooopic (https://so.ooopic.com/); 51miz (https://www.51miz.com/); 58pic (https://www.58pic.com/); Ibaotu (https://ibaotu.com/),Source-site terms apply. Original source document is not redistributed by NEST.
16,zh,Business,workflow/0-html_template/data_zh/16.html,重点客户信息管理表,Source Websites: Ooopic (https://so.ooopic.com/); 51miz (https://www.51miz.com/); 58pic (https://www.58pic.com/); Ibaotu (https://ibaotu.com/),Source-site terms apply. Original source document is not redistributed by NEST.
17,zh,Workplace / HR,workflow/0-html_template/data_zh/17.html,个人简历,Source Websites: Ooopic (https://so.ooopic.com/); 51miz (https://www.51miz.com/); 58pic (https://www.58pic.com/); Ibaotu (https://ibaotu.com/),Source-site terms apply. Original source document is not redistributed by NEST.
18,zh,Workplace / HR,workflow/0-html_template/data_zh/18.html,入职申请表,Source Websites: Ooopic (https://so.ooopic.com/); 51miz (https://www.51miz.com/); 58pic (https://www.58pic.com/); Ibaotu (https://ibaotu.com/),Source-site terms apply. Original source document is not redistributed by NEST.
19,zh,Workplace / HR,workflow/0-html_template/data_zh/19.html,个人简历表,Source Websites: Ooopic (https://so.ooopic.com/); 51miz (https://www.51miz.com/); 58pic (https://www.58pic.com/); Ibaotu (https://ibaotu.com/),Source-site terms apply. Original source document is not redistributed by NEST.
20,zh,Workplace / HR,workflow/0-html_template/data_zh/20.html,个人简历,Source Websites: Ooopic (https://so.ooopic.com/); 51miz (https://www.51miz.com/); 58pic (https://www.58pic.com/); Ibaotu (https://ibaotu.com/),Source-site terms apply. Original source document is not redistributed by NEST.
21,zh,Business,workflow/0-html_template/data_zh/21.html,请购单,Source Websites: Ooopic (https://so.ooopic.com/); 51miz (https://www.51miz.com/); 58pic (https://www.58pic.com/); Ibaotu (https://ibaotu.com/),Source-site terms apply. Original source document is not redistributed by NEST.
22,zh,Workplace / HR,workflow/0-html_template/data_zh/22.html,离职通知书,Source Websites: Ooopic (https://so.ooopic.com/); 51miz (https://www.51miz.com/); 58pic (https://www.58pic.com/); Ibaotu (https://ibaotu.com/),Source-site terms apply. Original source document is not redistributed by NEST.
23,zh,Workplace / HR,workflow/0-html_template/data_zh/23.html,员工离职申请表,Source Websites: Ooopic (https://so.ooopic.com/); 51miz (https://www.51miz.com/); 58pic (https://www.58pic.com/); Ibaotu (https://ibaotu.com/),Source-site terms apply. Original source document is not redistributed by NEST.
24,zh,Workplace / HR,workflow/0-html_template/data_zh/24.html,物品交接表,Source Websites: Ooopic (https://so.ooopic.com/); 51miz (https://www.51miz.com/); 58pic (https://www.58pic.com/); Ibaotu (https://ibaotu.com/),Source-site terms apply. Original source document is not redistributed by NEST.
25,zh,Education,workflow/0-html_template/data_zh/25.html,学习计划表,Source Websites: Ooopic (https://so.ooopic.com/); 51miz (https://www.51miz.com/); 58pic (https://www.58pic.com/); Ibaotu (https://ibaotu.com/),Source-site terms apply. Original source document is not redistributed by NEST.
26,zh,Workplace / HR,workflow/0-html_template/data_zh/26.html,人事部年度招聘计划报批表,Source Websites: Ooopic (https://so.ooopic.com/); 51miz (https://www.51miz.com/); 58pic (https://www.58pic.com/); Ibaotu (https://ibaotu.com/),Source-site terms apply. Original source document is not redistributed by NEST.
27,zh,Workplace / HR,workflow/0-html_template/data_zh/27.html,员工离职交接申请表,Source Websites: Ooopic (https://so.ooopic.com/); 51miz (https://www.51miz.com/); 58pic (https://www.58pic.com/); Ibaotu (https://ibaotu.com/),Source-site terms apply. Original source document is not redistributed by NEST.
28,zh,Workplace / HR,workflow/0-html_template/data_zh/28.html,离职申请表,Source Websites: Ooopic (https://so.ooopic.com/); 51miz (https://www.51miz.com/); 58pic (https://www.58pic.com/); Ibaotu (https://ibaotu.com/),Source-site terms apply. Original source document is not redistributed by NEST.
29,zh,Business,workflow/0-html_template/data_zh/29.html,采购申请单,Source Websites: Ooopic (https://so.ooopic.com/); 51miz (https://www.51miz.com/); 58pic (https://www.58pic.com/); Ibaotu (https://ibaotu.com/),Source-site terms apply. Original source document is not redistributed by NEST.
30,zh,Workplace / HR,workflow/0-html_template/data_zh/30.html,工资单,Source Websites: Ooopic (https://so.ooopic.com/); 51miz (https://www.51miz.com/); 58pic (https://www.58pic.com/); Ibaotu (https://ibaotu.com/),Source-site terms apply. Original source document is not redistributed by NEST.
31,zh,Workplace / HR,workflow/0-html_template/data_zh/31.html,员工任免通知书,Source Websites: Ooopic (https://so.ooopic.com/); 51miz (https://www.51miz.com/); 58pic (https://www.58pic.com/); Ibaotu (https://ibaotu.com/),Source-site terms apply. Original source document is not redistributed by NEST.
32,zh,Workplace / HR,workflow/0-html_template/data_zh/32.html,离职申请表,Source Websites: Ooopic (https://so.ooopic.com/); 51miz (https://www.51miz.com/); 58pic (https://www.58pic.com/); Ibaotu (https://ibaotu.com/),Source-site terms apply. Original source document is not redistributed by NEST.
33,zh,Workplace / HR,workflow/0-html_template/data_zh/33.html,面试评估表,Source Websites: Ooopic (https://so.ooopic.com/); 51miz (https://www.51miz.com/); 58pic (https://www.58pic.com/); Ibaotu (https://ibaotu.com/),Source-site terms apply. Original source document is not redistributed by NEST.
34,zh,Workplace / HR,workflow/0-html_template/data_zh/34.html,店铺员工请假单,Source Websites: Ooopic (https://so.ooopic.com/); 51miz (https://www.51miz.com/); 58pic (https://www.58pic.com/); Ibaotu (https://ibaotu.com/),Source-site terms apply. Original source document is not redistributed by NEST.
35,zh,Business,workflow/0-html_template/data_zh/35.html,会议记录,Source Websites: Ooopic (https://so.ooopic.com/); 51miz (https://www.51miz.com/); 58pic (https://www.58pic.com/); Ibaotu (https://ibaotu.com/),Source-site terms apply. Original source document is not redistributed by NEST.
36,zh,Workplace / HR,workflow/0-html_template/data_zh/36.html,试用员工(主管级以下)转正评估,Source Websites: Ooopic (https://so.ooopic.com/); 51miz (https://www.51miz.com/); 58pic (https://www.58pic.com/); Ibaotu (https://ibaotu.com/),Source-site terms apply. Original source document is not redistributed by NEST.
37,zh,Workplace / HR,workflow/0-html_template/data_zh/37.html,员工请假表,Source Websites: Ooopic (https://so.ooopic.com/); 51miz (https://www.51miz.com/); 58pic (https://www.58pic.com/); Ibaotu (https://ibaotu.com/),Source-site terms apply. Original source document is not redistributed by NEST.
38,zh,Business,workflow/0-html_template/data_zh/38.html,来访出入登记表,Source Websites: Ooopic (https://so.ooopic.com/); 51miz (https://www.51miz.com/); 58pic (https://www.58pic.com/); Ibaotu (https://ibaotu.com/),Source-site terms apply. Original source document is not redistributed by NEST.
39,zh,Workplace / HR,workflow/0-html_template/data_zh/39.html,员工工资变更表,Source Websites: Ooopic (https://so.ooopic.com/); 51miz (https://www.51miz.com/); 58pic (https://www.58pic.com/); Ibaotu (https://ibaotu.com/),Source-site terms apply. Original source document is not redistributed by NEST.
40,zh,Business,workflow/0-html_template/data_zh/40.html,一周工作计划表,Source Websites: Ooopic (https://so.ooopic.com/); 51miz (https://www.51miz.com/); 58pic (https://www.58pic.com/); Ibaotu (https://ibaotu.com/),Source-site terms apply. Original source document is not redistributed by NEST.
41,zh,Workplace / HR,workflow/0-html_template/data_zh/41.html,领导和部属休假掌握表,Source Websites: Ooopic (https://so.ooopic.com/); 51miz (https://www.51miz.com/); 58pic (https://www.58pic.com/); Ibaotu (https://ibaotu.com/),Source-site terms apply. Original source document is not redistributed by NEST.
42,zh,Healthcare,workflow/0-html_template/data_zh/42.html,员工体检表,Source Websites: Ooopic (https://so.ooopic.com/); 51miz (https://www.51miz.com/); 58pic (https://www.58pic.com/); Ibaotu (https://ibaotu.com/),Source-site terms apply. Original source document is not redistributed by NEST.
43,zh,Workplace / HR,workflow/0-html_template/data_zh/43.html,工作交接表,Source Websites: Ooopic (https://so.ooopic.com/); 51miz (https://www.51miz.com/); 58pic (https://www.58pic.com/); Ibaotu (https://ibaotu.com/),Source-site terms apply. Original source document is not redistributed by NEST.
44,zh,Workplace / HR,workflow/0-html_template/data_zh/44.html,店铺员工考核表,Source Websites: Ooopic (https://so.ooopic.com/); 51miz (https://www.51miz.com/); 58pic (https://www.58pic.com/); Ibaotu (https://ibaotu.com/),Source-site terms apply. Original source document is not redistributed by NEST.
45,zh,Workplace / HR,workflow/0-html_template/data_zh/45.html,员工绩效评价表,Source Websites: Ooopic (https://so.ooopic.com/); 51miz (https://www.51miz.com/); 58pic (https://www.58pic.com/); Ibaotu (https://ibaotu.com/),Source-site terms apply. Original source document is not redistributed by NEST.
46,zh,Education,workflow/0-html_template/data_zh/46.html,培训签到表,Source Websites: Ooopic (https://so.ooopic.com/); 51miz (https://www.51miz.com/); 58pic (https://www.58pic.com/); Ibaotu (https://ibaotu.com/),Source-site terms apply. Original source document is not redistributed by NEST.
47,zh,Healthcare,workflow/0-html_template/data_zh/47.html,体检表,Source Websites: Ooopic (https://so.ooopic.com/); 51miz (https://www.51miz.com/); 58pic (https://www.58pic.com/); Ibaotu (https://ibaotu.com/),Source-site terms apply. Original source document is not redistributed by NEST.
48,zh,Workplace / HR,workflow/0-html_template/data_zh/48.html,毕业生就业鉴定表,Source Websites: Ooopic (https://so.ooopic.com/); 51miz (https://www.51miz.com/); 58pic (https://www.58pic.com/); Ibaotu (https://ibaotu.com/),Source-site terms apply. Original source document is not redistributed by NEST.
49,zh,Workplace / HR,workflow/0-html_template/data_zh/49.html,员工人事资料卡,Source Websites: Ooopic (https://so.ooopic.com/); 51miz (https://www.51miz.com/); 58pic (https://www.58pic.com/); Ibaotu (https://ibaotu.com/),Source-site terms apply. Original source document is not redistributed by NEST.
50,zh,Workplace / HR,workflow/0-html_template/data_zh/50.html,员工信息采集表,Source Websites: Ooopic (https://so.ooopic.com/); 51miz (https://www.51miz.com/); 58pic (https://www.58pic.com/); Ibaotu (https://ibaotu.com/),Source-site terms apply. Original source document is not redistributed by NEST.
51,zh,Workplace / HR,workflow/0-html_template/data_zh/51.html,员工信息登记表,Source Websites: Ooopic (https://so.ooopic.com/); 51miz (https://www.51miz.com/); 58pic (https://www.58pic.com/); Ibaotu (https://ibaotu.com/),Source-site terms apply. Original source document is not redistributed by NEST.
52,zh,Business,workflow/0-html_template/data_zh/52.html,领物卡,Source Websites: Ooopic (https://so.ooopic.com/); 51miz (https://www.51miz.com/); 58pic (https://www.58pic.com/); Ibaotu (https://ibaotu.com/),Source-site terms apply. Original source document is not redistributed by NEST.
53,zh,Business,workflow/0-html_template/data_zh/53.html,XXXXXXXXXXXX科技有限公司内部联络单,Source Websites: Ooopic (https://so.ooopic.com/); 51miz (https://www.51miz.com/); 58pic (https://www.58pic.com/); Ibaotu (https://ibaotu.com/),Source-site terms apply. Original source document is not redistributed by NEST.
54,zh,Workplace / HR,workflow/0-html_template/data_zh/54.html,离职申请报告,Source Websites: Ooopic (https://so.ooopic.com/); 51miz (https://www.51miz.com/); 58pic (https://www.58pic.com/); Ibaotu (https://ibaotu.com/),Source-site terms apply. Original source document is not redistributed by NEST.
55,zh,Workplace / HR,workflow/0-html_template/data_zh/55.html,员工离职工作交接表,Source Websites: Ooopic (https://so.ooopic.com/); 51miz (https://www.51miz.com/); 58pic (https://www.58pic.com/); Ibaotu (https://ibaotu.com/),Source-site terms apply. Original source document is not redistributed by NEST.
56,zh,Workplace / HR,workflow/0-html_template/data_zh/56.html,中秋节值班安排表,Source Websites: Ooopic (https://so.ooopic.com/); 51miz (https://www.51miz.com/); 58pic (https://www.58pic.com/); Ibaotu (https://ibaotu.com/),Source-site terms apply. Original source document is not redistributed by NEST.
57,zh,Workplace / HR,workflow/0-html_template/data_zh/57.html,本周工作总结,Source Websites: Ooopic (https://so.ooopic.com/); 51miz (https://www.51miz.com/); 58pic (https://www.58pic.com/); Ibaotu (https://ibaotu.com/),Source-site terms apply. Original source document is not redistributed by NEST.
58,zh,Workplace / HR,workflow/0-html_template/data_zh/58.html,管理才能考核表,Source Websites: Ooopic (https://so.ooopic.com/); 51miz (https://www.51miz.com/); 58pic (https://www.58pic.com/); Ibaotu (https://ibaotu.com/),Source-site terms apply. Original source document is not redistributed by NEST.
59,zh,Workplace / HR,workflow/0-html_template/data_zh/59.html,应聘人员登记表,Source Websites: Ooopic (https://so.ooopic.com/); 51miz (https://www.51miz.com/); 58pic (https://www.58pic.com/); Ibaotu (https://ibaotu.com/),Source-site terms apply. Original source document is not redistributed by NEST.
60,zh,Workplace / HR,workflow/0-html_template/data_zh/60.html,预支工资申请书,Source Websites: Ooopic (https://so.ooopic.com/); 51miz (https://www.51miz.com/); 58pic (https://www.58pic.com/); Ibaotu (https://ibaotu.com/),Source-site terms apply. Original source document is not redistributed by NEST.
61,zh,Workplace / HR,workflow/0-html_template/data_zh/61.html,员工转正申请表,Source Websites: Ooopic (https://so.ooopic.com/); 51miz (https://www.51miz.com/); 58pic (https://www.58pic.com/); Ibaotu (https://ibaotu.com/),Source-site terms apply. Original source document is not redistributed by NEST.
62,zh,Workplace / HR,workflow/0-html_template/data_zh/62.html,周工作总结计划表,Source Websites: Ooopic (https://so.ooopic.com/); 51miz (https://www.51miz.com/); 58pic (https://www.58pic.com/); Ibaotu (https://ibaotu.com/),Source-site terms apply. Original source document is not redistributed by NEST.
63,zh,Workplace / HR,workflow/0-html_template/data_zh/63.html,员工入职表,Source Websites: Ooopic (https://so.ooopic.com/); 51miz (https://www.51miz.com/); 58pic (https://www.58pic.com/); Ibaotu (https://ibaotu.com/),Source-site terms apply. Original source document is not redistributed by NEST.
64,zh,Business,workflow/0-html_template/data_zh/64.html,房地产销售情况周报表,Source Websites: Ooopic (https://so.ooopic.com/); 51miz (https://www.51miz.com/); 58pic (https://www.58pic.com/); Ibaotu (https://ibaotu.com/),Source-site terms apply. Original source document is not redistributed by NEST.
65,zh,Finance,workflow/0-html_template/data_zh/65.html,业务招待请款单(存根),Source Websites: Ooopic (https://so.ooopic.com/); 51miz (https://www.51miz.com/); 58pic (https://www.58pic.com/); Ibaotu (https://ibaotu.com/),Source-site terms apply. Original source document is not redistributed by NEST.
66,zh,Finance,workflow/0-html_template/data_zh/66.html,缴款单,Source Websites: Ooopic (https://so.ooopic.com/); 51miz (https://www.51miz.com/); 58pic (https://www.58pic.com/); Ibaotu (https://ibaotu.com/),Source-site terms apply. Original source document is not redistributed by NEST.
67,zh,Business,workflow/0-html_template/data_zh/67.html,物料领取申请表,Source Websites: Ooopic (https://so.ooopic.com/); 51miz (https://www.51miz.com/); 58pic (https://www.58pic.com/); Ibaotu (https://ibaotu.com/),Source-site terms apply. Original source document is not redistributed by NEST.
68,zh,Workplace / HR,workflow/0-html_template/data_zh/68.html,食堂卫生工作考核表,Source Websites: Ooopic (https://so.ooopic.com/); 51miz (https://www.51miz.com/); 58pic (https://www.58pic.com/); Ibaotu (https://ibaotu.com/),Source-site terms apply. Original source document is not redistributed by NEST.
69,zh,Workplace / HR,workflow/0-html_template/data_zh/69.html,员工值班登记表,Source Websites: Ooopic (https://so.ooopic.com/); 51miz (https://www.51miz.com/); 58pic (https://www.58pic.com/); Ibaotu (https://ibaotu.com/),Source-site terms apply. Original source document is not redistributed by NEST.
70,zh,Business,workflow/0-html_template/data_zh/70.html,产品修改申请表,Source Websites: Ooopic (https://so.ooopic.com/); 51miz (https://www.51miz.com/); 58pic (https://www.58pic.com/); Ibaotu (https://ibaotu.com/),Source-site terms apply. Original source document is not redistributed by NEST.
71,zh,Education,workflow/0-html_template/data_zh/71.html,外请讲师审批表,Source Websites: Ooopic (https://so.ooopic.com/); 51miz (https://www.51miz.com/); 58pic (https://www.58pic.com/); Ibaotu (https://ibaotu.com/),Source-site terms apply. Original source document is not redistributed by NEST.
72,zh,Workplace / HR,workflow/0-html_template/data_zh/72.html,应聘人员登记表,Source Websites: Ooopic (https://so.ooopic.com/); 51miz (https://www.51miz.com/); 58pic (https://www.58pic.com/); Ibaotu (https://ibaotu.com/),Source-site terms apply. Original source document is not redistributed by NEST.
73,zh,Workplace / HR,workflow/0-html_template/data_zh/73.html,店铺员工纪律处分通知单,Source Websites: Ooopic (https://so.ooopic.com/); 51miz (https://www.51miz.com/); 58pic (https://www.58pic.com/); Ibaotu (https://ibaotu.com/),Source-site terms apply. Original source document is not redistributed by NEST.
74,zh,Workplace / HR,workflow/0-html_template/data_zh/74.html,离职申请表,Source Websites: Ooopic (https://so.ooopic.com/); 51miz (https://www.51miz.com/); 58pic (https://www.58pic.com/); Ibaotu (https://ibaotu.com/),Source-site terms apply. Original source document is not redistributed by NEST.
75,zh,Workplace / HR,workflow/0-html_template/data_zh/75.html,出差通知单,Source Websites: Ooopic (https://so.ooopic.com/); 51miz (https://www.51miz.com/); 58pic (https://www.58pic.com/); Ibaotu (https://ibaotu.com/),Source-site terms apply. Original source document is not redistributed by NEST.
76,zh,Business,workflow/0-html_template/data_zh/76.html,在线办公工作日报,Source Websites: Ooopic (https://so.ooopic.com/); 51miz (https://www.51miz.com/); 58pic (https://www.58pic.com/); Ibaotu (https://ibaotu.com/),Source-site terms apply. Original source document is not redistributed by NEST.
77,zh,Workplace / HR,workflow/0-html_template/data_zh/77.html,员工离职表,Source Websites: Ooopic (https://so.ooopic.com/); 51miz (https://www.51miz.com/); 58pic (https://www.58pic.com/); Ibaotu (https://ibaotu.com/),Source-site terms apply. Original source document is not redistributed by NEST.
78,zh,Business,workflow/0-html_template/data_zh/78.html,公司行政检查表,Source Websites: Ooopic (https://so.ooopic.com/); 51miz (https://www.51miz.com/); 58pic (https://www.58pic.com/); Ibaotu (https://ibaotu.com/),Source-site terms apply. Original source document is not redistributed by NEST.
79,zh,Finance,workflow/0-html_template/data_zh/79.html,费用预算（卖场促销推介活动费用预算）,Source Websites: Ooopic (https://so.ooopic.com/); 51miz (https://www.51miz.com/); 58pic (https://www.58pic.com/); Ibaotu (https://ibaotu.com/),Source-site terms apply. Original source document is not redistributed by NEST.
80,zh,Workplace / HR,workflow/0-html_template/data_zh/80.html,请假条,Source Websites: Ooopic (https://so.ooopic.com/); 51miz (https://www.51miz.com/); 58pic (https://www.58pic.com/); Ibaotu (https://ibaotu.com/),Source-site terms apply. Original source document is not redistributed by NEST.
81,zh,Workplace / HR,workflow/0-html_template/data_zh/81.html,员工辞退、劝退在线通知书,Source Websites: Ooopic (https://so.ooopic.com/); 51miz (https://www.51miz.com/); 58pic (https://www.58pic.com/); Ibaotu (https://ibaotu.com/),Source-site terms apply. Original source document is not redistributed by NEST.
82,zh,Workplace / HR,workflow/0-html_template/data_zh/82.html,简历表,Source Websites: Ooopic (https://so.ooopic.com/); 51miz (https://www.51miz.com/); 58pic (https://www.58pic.com/); Ibaotu (https://ibaotu.com/),Source-site terms apply. Original source document is not redistributed by NEST.
83,zh,Business,workflow/0-html_template/data_zh/83.html,工作周报,Source Websites: Ooopic (https://so.ooopic.com/); 51miz (https://www.51miz.com/); 58pic (https://www.58pic.com/); Ibaotu (https://ibaotu.com/),Source-site terms apply. Original source document is not redistributed by NEST.
84,zh,Workplace / HR,workflow/0-html_template/data_zh/84.html,个人简历,Source Websites: Ooopic (https://so.ooopic.com/); 51miz (https://www.51miz.com/); 58pic (https://www.58pic.com/); Ibaotu (https://ibaotu.com/),Source-site terms apply. Original source document is not redistributed by NEST.
85,zh,Finance,workflow/0-html_template/data_zh/85.html,财务类会计空白简历表格,Source Websites: Ooopic (https://so.ooopic.com/); 51miz (https://www.51miz.com/); 58pic (https://www.58pic.com/); Ibaotu (https://ibaotu.com/),Source-site terms apply. Original source document is not redistributed by NEST.
86,zh,Workplace / HR,workflow/0-html_template/data_zh/86.html,增补人员申请书,Source Websites: Ooopic (https://so.ooopic.com/); 51miz (https://www.51miz.com/); 58pic (https://www.58pic.com/); Ibaotu (https://ibaotu.com/),Source-site terms apply. Original source document is not redistributed by NEST.
87,zh,Workplace / HR,workflow/0-html_template/data_zh/87.html,在线招聘申请表,Source Websites: Ooopic (https://so.ooopic.com/); 51miz (https://www.51miz.com/); 58pic (https://www.58pic.com/); Ibaotu (https://ibaotu.com/),Source-site terms apply. Original source document is not redistributed by NEST.
88,zh,Workplace / HR,workflow/0-html_template/data_zh/88.html,新员工试用表,Source Websites: Ooopic (https://so.ooopic.com/); 51miz (https://www.51miz.com/); 58pic (https://www.58pic.com/); Ibaotu (https://ibaotu.com/),Source-site terms apply. Original source document is not redistributed by NEST.
89,zh,Education,workflow/0-html_template/data_zh/89.html,托幼机构大班幼儿正确刷牙方法检查情况汇总表,Source Websites: Ooopic (https://so.ooopic.com/); 51miz (https://www.51miz.com/); 58pic (https://www.58pic.com/); Ibaotu (https://ibaotu.com/),Source-site terms apply. Original source document is not redistributed by NEST.
90,zh,Workplace / HR,workflow/0-html_template/data_zh/90.html,个人简历,Source Websites: Ooopic (https://so.ooopic.com/); 51miz (https://www.51miz.com/); 58pic (https://www.58pic.com/); Ibaotu (https://ibaotu.com/),Source-site terms apply. Original source document is not redistributed by NEST.
91,zh,Finance,workflow/0-html_template/data_zh/91.html,活动经费预算表,Source Websites: Ooopic (https://so.ooopic.com/); 51miz (https://www.51miz.com/); 58pic (https://www.58pic.com/); Ibaotu (https://ibaotu.com/),Source-site terms apply. Original source document is not redistributed by NEST.
92,zh,Business,workflow/0-html_template/data_zh/92.html,市场部营销策划工作日志,Source Websites: Ooopic (https://so.ooopic.com/); 51miz (https://www.51miz.com/); 58pic (https://www.58pic.com/); Ibaotu (https://ibaotu.com/),Source-site terms apply. Original source document is not redistributed by NEST.
93,zh,Education,workflow/0-html_template/data_zh/93.html,学生宿舍人员登记表,Source Websites: Ooopic (https://so.ooopic.com/); 51miz (https://www.51miz.com/); 58pic (https://www.58pic.com/); Ibaotu (https://ibaotu.com/),Source-site terms apply. Original source document is not redistributed by NEST.
94,zh,Business,workflow/0-html_template/data_zh/94.html,销售业务分析报告表,Source Websites: Ooopic (https://so.ooopic.com/); 51miz (https://www.51miz.com/); 58pic (https://www.58pic.com/); Ibaotu (https://ibaotu.com/),Source-site terms apply. Original source document is not redistributed by NEST.
95,zh,Business,workflow/0-html_template/data_zh/95.html,销售审批表,Source Websites: Ooopic (https://so.ooopic.com/); 51miz (https://www.51miz.com/); 58pic (https://www.58pic.com/); Ibaotu (https://ibaotu.com/),Source-site terms apply. Original source document is not redistributed by NEST.
96,zh,Business,workflow/0-html_template/data_zh/96.html,销售计划表,Source Websites: Ooopic (https://so.ooopic.com/); 51miz (https://www.51miz.com/); 58pic (https://www.58pic.com/); Ibaotu (https://ibaotu.com/),Source-site terms apply. Original source document is not redistributed by NEST.
97,zh,Workplace / HR,workflow/0-html_template/data_zh/97.html,人事档案移交表,Source Websites: Ooopic (https://so.ooopic.com/); 51miz (https://www.51miz.com/); 58pic (https://www.58pic.com/); Ibaotu (https://ibaotu.com/),Source-site terms apply. Original source document is not redistributed by NEST.
98,zh,Business,workflow/0-html_template/data_zh/98.html,销售策划报告表,Source Websites: Ooopic (https://so.ooopic.com/); 51miz (https://www.51miz.com/); 58pic (https://www.58pic.com/); Ibaotu (https://ibaotu.com/),Source-site terms apply. Original source document is not redistributed by NEST.
99,zh,Workplace / HR,workflow/0-html_template/data_zh/99.html,人员增减申请书,Source Websites: Ooopic (https://so.ooopic.com/); 51miz (https://www.51miz.com/); 58pic (https://www.58pic.com/); Ibaotu (https://ibaotu.com/),Source-site terms apply. Original source document is not redistributed by NEST.
100,zh,Workplace / HR,workflow/0-html_template/data_zh/100.html,人事波动申请表,Source Websites: Ooopic (https://so.ooopic.com/); 51miz (https://www.51miz.com/); 58pic (https://www.58pic.com/); Ibaotu (https://ibaotu.com/),Source-site terms apply. Original source document is not redistributed by NEST.
101,zh,Business,workflow/0-html_template/data_zh/101.html,会议纪要,Source Websites: Ooopic (https://so.ooopic.com/); 51miz (https://www.51miz.com/); 58pic (https://www.58pic.com/); Ibaotu (https://ibaotu.com/),Source-site terms apply. Original source document is not redistributed by NEST.
102,zh,Workplace / HR,workflow/0-html_template/data_zh/102.html,员工离职申请表,Source Websites: Ooopic (https://so.ooopic.com/); 51miz (https://www.51miz.com/); 58pic (https://www.58pic.com/); Ibaotu (https://ibaotu.com/),Source-site terms apply. Original source document is not redistributed by NEST.
103,zh,Education,workflow/0-html_template/data_zh/103.html,江南区XX 小学学生请假申请单,Source Websites: Ooopic (https://so.ooopic.com/); 51miz (https://www.51miz.com/); 58pic (https://www.58pic.com/); Ibaotu (https://ibaotu.com/),Source-site terms apply. Original source document is not redistributed by NEST.
104,zh,Business,workflow/0-html_template/data_zh/104.html,交接清单,Source Websites: Ooopic (https://so.ooopic.com/); 51miz (https://www.51miz.com/); 58pic (https://www.58pic.com/); Ibaotu (https://ibaotu.com/),Source-site terms apply. Original source document is not redistributed by NEST.
105,zh,Finance,workflow/0-html_template/data_zh/105.html,财务经理岗位职责,Source Websites: Ooopic (https://so.ooopic.com/); 51miz (https://www.51miz.com/); 58pic (https://www.58pic.com/); Ibaotu (https://ibaotu.com/),Source-site terms apply. Original source document is not redistributed by NEST.
106,zh,Workplace / HR,workflow/0-html_template/data_zh/106.html,XX 大学200X 届毕业生个人求职简历,Source Websites: Ooopic (https://so.ooopic.com/); 51miz (https://www.51miz.com/); 58pic (https://www.58pic.com/); Ibaotu (https://ibaotu.com/),Source-site terms apply. Original source document is not redistributed by NEST.
107,zh,Business,workflow/0-html_template/data_zh/107.html,出入库登记表,Source Websites: Ooopic (https://so.ooopic.com/); 51miz (https://www.51miz.com/); 58pic (https://www.58pic.com/); Ibaotu (https://ibaotu.com/),Source-site terms apply. Original source document is not redistributed by NEST.
108,zh,Finance,workflow/0-html_template/data_zh/108.html,请款单,Source Websites: Ooopic (https://so.ooopic.com/); 51miz (https://www.51miz.com/); 58pic (https://www.58pic.com/); Ibaotu (https://ibaotu.com/),Source-site terms apply. Original source document is not redistributed by NEST.
109,zh,Finance,workflow/0-html_template/data_zh/109.html,制造费用明细表,Source Websites: Ooopic (https://so.ooopic.com/); 51miz (https://www.51miz.com/); 58pic (https://www.58pic.com/); Ibaotu (https://ibaotu.com/),Source-site terms apply. Original source document is not redistributed by NEST.
110,zh,Workplace / HR,workflow/0-html_template/data_zh/110.html,公司职员的人事表格,Source Websites: Ooopic (https://so.ooopic.com/); 51miz (https://www.51miz.com/); 58pic (https://www.58pic.com/); Ibaotu (https://ibaotu.com/),Source-site terms apply. Original source document is not redistributed by NEST.
111,zh,Workplace / HR,workflow/0-html_template/data_zh/111.html,员工入职薪资表,Source Websites: Ooopic (https://so.ooopic.com/); 51miz (https://www.51miz.com/); 58pic (https://www.58pic.com/); Ibaotu (https://ibaotu.com/),Source-site terms apply. Original source document is not redistributed by NEST.
112,zh,Workplace / HR,workflow/0-html_template/data_zh/112.html,员工档案,Source Websites: Ooopic (https://so.ooopic.com/); 51miz (https://www.51miz.com/); 58pic (https://www.58pic.com/); Ibaotu (https://ibaotu.com/),Source-site terms apply. Original source document is not redistributed by NEST.
113,zh,Business,workflow/0-html_template/data_zh/113.html,客户登记表,Source Websites: Ooopic (https://so.ooopic.com/); 51miz (https://www.51miz.com/); 58pic (https://www.58pic.com/); Ibaotu (https://ibaotu.com/),Source-site terms apply. Original source document is not redistributed by NEST.
114,zh,Workplace / HR,workflow/0-html_template/data_zh/114.html,离职确认书,Source Websites: Ooopic (https://so.ooopic.com/); 51miz (https://www.51miz.com/); 58pic (https://www.58pic.com/); Ibaotu (https://ibaotu.com/),Source-site terms apply. Original source document is not redistributed by NEST.
115,zh,Business,workflow/0-html_template/data_zh/115.html,库存商品过期提醒表,Source Websites: Ooopic (https://so.ooopic.com/); 51miz (https://www.51miz.com/); 58pic (https://www.58pic.com/); Ibaotu (https://ibaotu.com/),Source-site terms apply. Original source document is not redistributed by NEST.
116,zh,Business,workflow/0-html_template/data_zh/116.html,单位工程竣工报告表,Source Websites: Ooopic (https://so.ooopic.com/); 51miz (https://www.51miz.com/); 58pic (https://www.58pic.com/); Ibaotu (https://ibaotu.com/),Source-site terms apply. Original source document is not redistributed by NEST.
117,zh,Finance,workflow/0-html_template/data_zh/117.html,费用报销单,Source Websites: Ooopic (https://so.ooopic.com/); 51miz (https://www.51miz.com/); 58pic (https://www.58pic.com/); Ibaotu (https://ibaotu.com/),Source-site terms apply. Original source document is not redistributed by NEST.
118,zh,Finance,workflow/0-html_template/data_zh/118.html,借款申请单,Source Websites: Ooopic (https://so.ooopic.com/); 51miz (https://www.51miz.com/); 58pic (https://www.58pic.com/); Ibaotu (https://ibaotu.com/),Source-site terms apply. Original source document is not redistributed by NEST.
119,zh,Business,workflow/0-html_template/data_zh/119.html,采购合同,Source Websites: Ooopic (https://so.ooopic.com/); 51miz (https://www.51miz.com/); 58pic (https://www.58pic.com/); Ibaotu (https://ibaotu.com/),Source-site terms apply. Original source document is not redistributed by NEST.
120,zh,Education,workflow/0-html_template/data_zh/120.html,高等学校助学金申请表,Source Websites: Ooopic (https://so.ooopic.com/); 51miz (https://www.51miz.com/); 58pic (https://www.58pic.com/); Ibaotu (https://ibaotu.com/),Source-site terms apply. Original source document is not redistributed by NEST.
121,zh,Business,workflow/0-html_template/data_zh/121.html,项目开工报告,Source Websites: Ooopic (https://so.ooopic.com/); 51miz (https://www.51miz.com/); 58pic (https://www.58pic.com/); Ibaotu (https://ibaotu.com/),Source-site terms apply. Original source document is not redistributed by NEST.
122,zh,Business,workflow/0-html_template/data_zh/122.html,工程复工申请表,Source Websites: Ooopic (https://so.ooopic.com/); 51miz (https://www.51miz.com/); 58pic (https://www.58pic.com/); Ibaotu (https://ibaotu.com/),Source-site terms apply. Original source document is not redistributed by NEST.
123,zh,Business,workflow/0-html_template/data_zh/123.html,项目施工管理表格,Source Websites: Ooopic (https://so.ooopic.com/); 51miz (https://www.51miz.com/); 58pic (https://www.58pic.com/); Ibaotu (https://ibaotu.com/),Source-site terms apply. Original source document is not redistributed by NEST.
124,zh,Gov. & Public Svc.,workflow/0-html_template/data_zh/124.html,入党推荐表,Source Websites: Ooopic (https://so.ooopic.com/); 51miz (https://www.51miz.com/); 58pic (https://www.58pic.com/); Ibaotu (https://ibaotu.com/),Source-site terms apply. Original source document is not redistributed by NEST.
125,zh,Finance,workflow/0-html_template/data_zh/125.html,日常费用报销单,Source Websites: Ooopic (https://so.ooopic.com/); 51miz (https://www.51miz.com/); 58pic (https://www.58pic.com/); Ibaotu (https://ibaotu.com/),Source-site terms apply. Original source document is not redistributed by NEST.
126,zh,Business,workflow/0-html_template/data_zh/126.html,服务记录卡,Source Websites: Ooopic (https://so.ooopic.com/); 51miz (https://www.51miz.com/); 58pic (https://www.58pic.com/); Ibaotu (https://ibaotu.com/),Source-site terms apply. Original source document is not redistributed by NEST.
127,zh,Gov. & Public Svc.,workflow/0-html_template/data_zh/127.html,案件调查报告,Source Websites: Ooopic (https://so.ooopic.com/); 51miz (https://www.51miz.com/); 58pic (https://www.58pic.com/); Ibaotu (https://ibaotu.com/),Source-site terms apply. Original source document is not redistributed by NEST.
128,zh,Business,workflow/0-html_template/data_zh/128.html,销售人员日常行为管理表格,Source Websites: Ooopic (https://so.ooopic.com/); 51miz (https://www.51miz.com/); 58pic (https://www.58pic.com/); Ibaotu (https://ibaotu.com/),Source-site terms apply. Original source document is not redistributed by NEST.
129,zh,Finance,workflow/0-html_template/data_zh/129.html,会议预算审批表,Source Websites: Ooopic (https://so.ooopic.com/); 51miz (https://www.51miz.com/); 58pic (https://www.58pic.com/); Ibaotu (https://ibaotu.com/),Source-site terms apply. Original source document is not redistributed by NEST.
130,zh,Business,workflow/0-html_template/data_zh/130.html,项目审批表,Source Websites: Ooopic (https://so.ooopic.com/); 51miz (https://www.51miz.com/); 58pic (https://www.58pic.com/); Ibaotu (https://ibaotu.com/),Source-site terms apply. Original source document is not redistributed by NEST.
131,zh,Gov. & Public Svc.,workflow/0-html_template/data_zh/131.html,民主评议党员申请表,Source Websites: Ooopic (https://so.ooopic.com/); 51miz (https://www.51miz.com/); 58pic (https://www.58pic.com/); Ibaotu (https://ibaotu.com/),Source-site terms apply. Original source document is not redistributed by NEST.
132,zh,Workplace / HR,workflow/0-html_template/data_zh/132.html,复工人员自行居家隔离信息表,Source Websites: Ooopic (https://so.ooopic.com/); 51miz (https://www.51miz.com/); 58pic (https://www.58pic.com/); Ibaotu (https://ibaotu.com/),Source-site terms apply. Original source document is not redistributed by NEST.
133,zh,Gov. & Public Svc.,workflow/0-html_template/data_zh/133.html,文明单位申报表,Source Websites: Ooopic (https://so.ooopic.com/); 51miz (https://www.51miz.com/); 58pic (https://www.58pic.com/); Ibaotu (https://ibaotu.com/),Source-site terms apply. Original source document is not redistributed by NEST.
134,zh,Workplace / HR,workflow/0-html_template/data_zh/134.html,岗位说明书,Source Websites: Ooopic (https://so.ooopic.com/); 51miz (https://www.51miz.com/); 58pic (https://www.58pic.com/); Ibaotu (https://ibaotu.com/),Source-site terms apply. Original source document is not redistributed by NEST.
135,zh,Business,workflow/0-html_template/data_zh/135.html,项目实施管理表,Source Websites: Ooopic (https://so.ooopic.com/); 51miz (https://www.51miz.com/); 58pic (https://www.58pic.com/); Ibaotu (https://ibaotu.com/),Source-site terms apply. Original source document is not redistributed by NEST.
136,zh,Healthcare,workflow/0-html_template/data_zh/136.html,医院药品库房管理人员情况表,Source Websites: Ooopic (https://so.ooopic.com/); 51miz (https://www.51miz.com/); 58pic (https://www.58pic.com/); Ibaotu (https://ibaotu.com/),Source-site terms apply. Original source document is not redistributed by NEST.
137,zh,Finance,workflow/0-html_template/data_zh/137.html,差旅费明细,Source Websites: Ooopic (https://so.ooopic.com/); 51miz (https://www.51miz.com/); 58pic (https://www.58pic.com/); Ibaotu (https://ibaotu.com/),Source-site terms apply. Original source document is not redistributed by NEST.
138,zh,Finance,workflow/0-html_template/data_zh/138.html,保险公司战略合作协议范本,Source Websites: Ooopic (https://so.ooopic.com/); 51miz (https://www.51miz.com/); 58pic (https://www.58pic.com/); Ibaotu (https://ibaotu.com/),Source-site terms apply. Original source document is not redistributed by NEST.
139,zh,Healthcare,workflow/0-html_template/data_zh/139.html,疫苗接种登记表,Source Websites: Ooopic (https://so.ooopic.com/); 51miz (https://www.51miz.com/); 58pic (https://www.58pic.com/); Ibaotu (https://ibaotu.com/),Source-site terms apply. Original source document is not redistributed by NEST.
140,zh,Workplace / HR,workflow/0-html_template/data_zh/140.html,美容院工资计算表格,Source Websites: Ooopic (https://so.ooopic.com/); 51miz (https://www.51miz.com/); 58pic (https://www.58pic.com/); Ibaotu (https://ibaotu.com/),Source-site terms apply. Original source document is not redistributed by NEST.
141,zh,Healthcare,workflow/0-html_template/data_zh/141.html,员工健康检查档案,Source Websites: Ooopic (https://so.ooopic.com/); 51miz (https://www.51miz.com/); 58pic (https://www.58pic.com/); Ibaotu (https://ibaotu.com/),Source-site terms apply. Original source document is not redistributed by NEST.
142,zh,Workplace / HR,workflow/0-html_template/data_zh/142.html,面试登记表,Source Websites: Ooopic (https://so.ooopic.com/); 51miz (https://www.51miz.com/); 58pic (https://www.58pic.com/); Ibaotu (https://ibaotu.com/),Source-site terms apply. Original source document is not redistributed by NEST.
143,zh,Workplace / HR,workflow/0-html_template/data_zh/143.html,员工面试表,Source Websites: Ooopic (https://so.ooopic.com/); 51miz (https://www.51miz.com/); 58pic (https://www.58pic.com/); Ibaotu (https://ibaotu.com/),Source-site terms apply. Original source document is not redistributed by NEST.
144,zh,Workplace / HR,workflow/0-html_template/data_zh/144.html,新员工试用期考核表,Source Websites: Ooopic (https://so.ooopic.com/); 51miz (https://www.51miz.com/); 58pic (https://www.58pic.com/); Ibaotu (https://ibaotu.com/),Source-site terms apply. Original source document is not redistributed by NEST.
145,zh,Finance,workflow/0-html_template/data_zh/145.html,借条,Source Websites: Ooopic (https://so.ooopic.com/); 51miz (https://www.51miz.com/); 58pic (https://www.58pic.com/); Ibaotu (https://ibaotu.com/),Source-site terms apply. Original source document is not redistributed by NEST.
146,zh,Finance,workflow/0-html_template/data_zh/146.html,票据交接清单,Source Websites: Ooopic (https://so.ooopic.com/); 51miz (https://www.51miz.com/); 58pic (https://www.58pic.com/); Ibaotu (https://ibaotu.com/),Source-site terms apply. Original source document is not redistributed by NEST.
147,zh,Workplace / HR,workflow/0-html_template/data_zh/147.html,个人绩效评估表,Source Websites: Ooopic (https://so.ooopic.com/); 51miz (https://www.51miz.com/); 58pic (https://www.58pic.com/); Ibaotu (https://ibaotu.com/),Source-site terms apply. Original source document is not redistributed by NEST.
148,zh,Workplace / HR,workflow/0-html_template/data_zh/148.html,绩效反馈面谈表,Source Websites: Ooopic (https://so.ooopic.com/); 51miz (https://www.51miz.com/); 58pic (https://www.58pic.com/); Ibaotu (https://ibaotu.com/),Source-site terms apply. Original source document is not redistributed by NEST.
149,zh,Workplace / HR,workflow/0-html_template/data_zh/149.html,加班申请单,Source Websites: Ooopic (https://so.ooopic.com/); 51miz (https://www.51miz.com/); 58pic (https://www.58pic.com/); Ibaotu (https://ibaotu.com/),Source-site terms apply. Original source document is not redistributed by NEST.
150,zh,Workplace / HR,workflow/0-html_template/data_zh/150.html,面试评定表,Source Websites: Ooopic (https://so.ooopic.com/); 51miz (https://www.51miz.com/); 58pic (https://www.58pic.com/); Ibaotu (https://ibaotu.com/),Source-site terms apply. Original source document is not redistributed by NEST.
151,zh,Business,workflow/0-html_template/data_zh/151.html,电话预约表,Source Websites: Ooopic (https://so.ooopic.com/); 51miz (https://www.51miz.com/); 58pic (https://www.58pic.com/); Ibaotu (https://ibaotu.com/),Source-site terms apply. Original source document is not redistributed by NEST.
152,zh,Business,workflow/0-html_template/data_zh/152.html,固定资产盘点表,Source Websites: Ooopic (https://so.ooopic.com/); 51miz (https://www.51miz.com/); 58pic (https://www.58pic.com/); Ibaotu (https://ibaotu.com/),Source-site terms apply. Original source document is not redistributed by NEST.
153,zh,Finance,workflow/0-html_template/data_zh/153.html,缴款单,Source Websites: Ooopic (https://so.ooopic.com/); 51miz (https://www.51miz.com/); 58pic (https://www.58pic.com/); Ibaotu (https://ibaotu.com/),Source-site terms apply. Original source document is not redistributed by NEST.
154,zh,Business,workflow/0-html_template/data_zh/154.html,存货收发保管报表,Source Websites: Ooopic (https://so.ooopic.com/); 51miz (https://www.51miz.com/); 58pic (https://www.58pic.com/); Ibaotu (https://ibaotu.com/),Source-site terms apply. Original source document is not redistributed by NEST.
155,zh,Business,workflow/0-html_template/data_zh/155.html,固定资产增减表,Source Websites: Ooopic (https://so.ooopic.com/); 51miz (https://www.51miz.com/); 58pic (https://www.58pic.com/); Ibaotu (https://ibaotu.com/),Source-site terms apply. Original source document is not redistributed by NEST.
156,zh,Finance,workflow/0-html_template/data_zh/156.html,固定资产减损单,Source Websites: Ooopic (https://so.ooopic.com/); 51miz (https://www.51miz.com/); 58pic (https://www.58pic.com/); Ibaotu (https://ibaotu.com/),Source-site terms apply. Original source document is not redistributed by NEST.
157,zh,Workplace / HR,workflow/0-html_template/data_zh/157.html,员工技能审定表,Source Websites: Ooopic (https://so.ooopic.com/); 51miz (https://www.51miz.com/); 58pic (https://www.58pic.com/); Ibaotu (https://ibaotu.com/),Source-site terms apply. Original source document is not redistributed by NEST.
158,zh,Finance,workflow/0-html_template/data_zh/158.html,银行存款及现金余额日报表,Source Websites: Ooopic (https://so.ooopic.com/); 51miz (https://www.51miz.com/); 58pic (https://www.58pic.com/); Ibaotu (https://ibaotu.com/),Source-site terms apply. Original source document is not redistributed by NEST.
159,zh,Workplace / HR,workflow/0-html_template/data_zh/159.html,员工复试表,Source Websites: Ooopic (https://so.ooopic.com/); 51miz (https://www.51miz.com/); 58pic (https://www.58pic.com/); Ibaotu (https://ibaotu.com/),Source-site terms apply. Original source document is not redistributed by NEST.
160,zh,Business,workflow/0-html_template/data_zh/160.html,资金差异报告表,Source Websites: Ooopic (https://so.ooopic.com/); 51miz (https://www.51miz.com/); 58pic (https://www.58pic.com/); Ibaotu (https://ibaotu.com/),Source-site terms apply. Original source document is not redistributed by NEST.
161,zh,Business,workflow/0-html_template/data_zh/161.html,物品领用表,Source Websites: Ooopic (https://so.ooopic.com/); 51miz (https://www.51miz.com/); 58pic (https://www.58pic.com/); Ibaotu (https://ibaotu.com/),Source-site terms apply. Original source document is not redistributed by NEST.
162,zh,Business,workflow/0-html_template/data_zh/162.html,询价单,Source Websites: Ooopic (https://so.ooopic.com/); 51miz (https://www.51miz.com/); 58pic (https://www.58pic.com/); Ibaotu (https://ibaotu.com/),Source-site terms apply. Original source document is not redistributed by NEST.
163,zh,Business,workflow/0-html_template/data_zh/163.html,顾客档案表,Source Websites: Ooopic (https://so.ooopic.com/); 51miz (https://www.51miz.com/); 58pic (https://www.58pic.com/); Ibaotu (https://ibaotu.com/),Source-site terms apply. Original source document is not redistributed by NEST.
164,zh,Workplace / HR,workflow/0-html_template/data_zh/164.html,重要干部的人事考绩表格,Source Websites: Ooopic (https://so.ooopic.com/); 51miz (https://www.51miz.com/); 58pic (https://www.58pic.com/); Ibaotu (https://ibaotu.com/),Source-site terms apply. Original source document is not redistributed by NEST.
165,zh,Workplace / HR,workflow/0-html_template/data_zh/165.html,培训人员签到表,Source Websites: Ooopic (https://so.ooopic.com/); 51miz (https://www.51miz.com/); 58pic (https://www.58pic.com/); Ibaotu (https://ibaotu.com/),Source-site terms apply. Original source document is not redistributed by NEST.
166,zh,Business,workflow/0-html_template/data_zh/166.html,送货验收单,Source Websites: Ooopic (https://so.ooopic.com/); 51miz (https://www.51miz.com/); 58pic (https://www.58pic.com/); Ibaotu (https://ibaotu.com/),Source-site terms apply. Original source document is not redistributed by NEST.
167,zh,Business,workflow/0-html_template/data_zh/167.html,采购台帐,Source Websites: Ooopic (https://so.ooopic.com/); 51miz (https://www.51miz.com/); 58pic (https://www.58pic.com/); Ibaotu (https://ibaotu.com/),Source-site terms apply. Original source document is not redistributed by NEST.
168,zh,Business,workflow/0-html_template/data_zh/168.html,物品入库单,Source Websites: Ooopic (https://so.ooopic.com/); 51miz (https://www.51miz.com/); 58pic (https://www.58pic.com/); Ibaotu (https://ibaotu.com/),Source-site terms apply. Original source document is not redistributed by NEST.
169,zh,Healthcare,workflow/0-html_template/data_zh/169.html,皮肤分析卡,Source Websites: Ooopic (https://so.ooopic.com/); 51miz (https://www.51miz.com/); 58pic (https://www.58pic.com/); Ibaotu (https://ibaotu.com/),Source-site terms apply. Original source document is not redistributed by NEST.
170,zh,Business,workflow/0-html_template/data_zh/170.html,询价单,Source Websites: Ooopic (https://so.ooopic.com/); 51miz (https://www.51miz.com/); 58pic (https://www.58pic.com/); Ibaotu (https://ibaotu.com/),Source-site terms apply. Original source document is not redistributed by NEST.
171,zh,Workplace / HR,workflow/0-html_template/data_zh/171.html,美容师仪容检查对照表,Source Websites: Ooopic (https://so.ooopic.com/); 51miz (https://www.51miz.com/); 58pic (https://www.58pic.com/); Ibaotu (https://ibaotu.com/),Source-site terms apply. Original source document is not redistributed by NEST.
172,zh,Education,workflow/0-html_template/data_zh/172.html,培训评估表,Source Websites: Ooopic (https://so.ooopic.com/); 51miz (https://www.51miz.com/); 58pic (https://www.58pic.com/); Ibaotu (https://ibaotu.com/),Source-site terms apply. Original source document is not redistributed by NEST.
173,zh,Gov. & Public Svc.,workflow/0-html_template/data_zh/173.html,发文呈批单,Source Websites: Ooopic (https://so.ooopic.com/); 51miz (https://www.51miz.com/); 58pic (https://www.58pic.com/); Ibaotu (https://ibaotu.com/),Source-site terms apply. Original source document is not redistributed by NEST.
174,zh,Business,workflow/0-html_template/data_zh/174.html,巡楼记录表范本,Source Websites: Ooopic (https://so.ooopic.com/); 51miz (https://www.51miz.com/); 58pic (https://www.58pic.com/); Ibaotu (https://ibaotu.com/),Source-site terms apply. Original source document is not redistributed by NEST.
175,zh,Gov. & Public Svc.,workflow/0-html_template/data_zh/175.html,公务联系单,Source Websites: Ooopic (https://so.ooopic.com/); 51miz (https://www.51miz.com/); 58pic (https://www.58pic.com/); Ibaotu (https://ibaotu.com/),Source-site terms apply. Original source document is not redistributed by NEST.
176,zh,Business,workflow/0-html_template/data_zh/176.html,原物料领用记录表,Source Websites: Ooopic (https://so.ooopic.com/); 51miz (https://www.51miz.com/); 58pic (https://www.58pic.com/); Ibaotu (https://ibaotu.com/),Source-site terms apply. Original source document is not redistributed by NEST.
177,zh,Business,workflow/0-html_template/data_zh/177.html,销售预测表,Source Websites: Ooopic (https://so.ooopic.com/); 51miz (https://www.51miz.com/); 58pic (https://www.58pic.com/); Ibaotu (https://ibaotu.com/),Source-site terms apply. Original source document is not redistributed by NEST.
178,zh,Business,workflow/0-html_template/data_zh/178.html,档案索引图表,Source Websites: Ooopic (https://so.ooopic.com/); 51miz (https://www.51miz.com/); 58pic (https://www.58pic.com/); Ibaotu (https://ibaotu.com/),Source-site terms apply. Original source document is not redistributed by NEST.
179,zh,Business,workflow/0-html_template/data_zh/179.html,收料单,Source Websites: Ooopic (https://so.ooopic.com/); 51miz (https://www.51miz.com/); 58pic (https://www.58pic.com/); Ibaotu (https://ibaotu.com/),Source-site terms apply. Original source document is not redistributed by NEST.
180,zh,Business,workflow/0-html_template/data_zh/180.html,破损报告单,Source Websites: Ooopic (https://so.ooopic.com/); 51miz (https://www.51miz.com/); 58pic (https://www.58pic.com/); Ibaotu (https://ibaotu.com/),Source-site terms apply. Original source document is not redistributed by NEST.
181,zh,Business,workflow/0-html_template/data_zh/181.html,发货通知单,Source Websites: Ooopic (https://so.ooopic.com/); 51miz (https://www.51miz.com/); 58pic (https://www.58pic.com/); Ibaotu (https://ibaotu.com/),Source-site terms apply. Original source document is not redistributed by NEST.
182,zh,Workplace / HR,workflow/0-html_template/data_zh/182.html,简历表,Source Websites: Ooopic (https://so.ooopic.com/); 51miz (https://www.51miz.com/); 58pic (https://www.58pic.com/); Ibaotu (https://ibaotu.com/),Source-site terms apply. Original source document is not redistributed by NEST.
183,zh,Workplace / HR,workflow/0-html_template/data_zh/183.html,个人简历,Source Websites: Ooopic (https://so.ooopic.com/); 51miz (https://www.51miz.com/); 58pic (https://www.58pic.com/); Ibaotu (https://ibaotu.com/),Source-site terms apply. Original source document is not redistributed by NEST.
184,zh,Workplace / HR,workflow/0-html_template/data_zh/184.html,招聘工作计划表,Source Websites: Ooopic (https://so.ooopic.com/); 51miz (https://www.51miz.com/); 58pic (https://www.58pic.com/); Ibaotu (https://ibaotu.com/),Source-site terms apply. Original source document is not redistributed by NEST.
185,zh,Workplace / HR,workflow/0-html_template/data_zh/185.html,离职交接,Source Websites: Ooopic (https://so.ooopic.com/); 51miz (https://www.51miz.com/); 58pic (https://www.58pic.com/); Ibaotu (https://ibaotu.com/),Source-site terms apply. Original source document is not redistributed by NEST.
186,zh,Education,workflow/0-html_template/data_zh/186.html,高等学校助学金申请表,Source Websites: Ooopic (https://so.ooopic.com/); 51miz (https://www.51miz.com/); 58pic (https://www.58pic.com/); Ibaotu (https://ibaotu.com/),Source-site terms apply. Original source document is not redistributed by NEST.
187,zh,Business,workflow/0-html_template/data_zh/187.html,工程项目施工管理人员名单表,Source Websites: Ooopic (https://so.ooopic.com/); 51miz (https://www.51miz.com/); 58pic (https://www.58pic.com/); Ibaotu (https://ibaotu.com/),Source-site terms apply. Original source document is not redistributed by NEST.
188,zh,Finance,workflow/0-html_template/data_zh/188.html,会议预算审批表,Source Websites: Ooopic (https://so.ooopic.com/); 51miz (https://www.51miz.com/); 58pic (https://www.58pic.com/); Ibaotu (https://ibaotu.com/),Source-site terms apply. Original source document is not redistributed by NEST.
189,zh,Finance,workflow/0-html_template/data_zh/189.html,出差旅费报销单,Source Websites: Ooopic (https://so.ooopic.com/); 51miz (https://www.51miz.com/); 58pic (https://www.58pic.com/); Ibaotu (https://ibaotu.com/),Source-site terms apply. Original source document is not redistributed by NEST.
190,zh,Gov. & Public Svc.,workflow/0-html_template/data_zh/190.html,文明单位申报表,Source Websites: Ooopic (https://so.ooopic.com/); 51miz (https://www.51miz.com/); 58pic (https://www.58pic.com/); Ibaotu (https://ibaotu.com/),Source-site terms apply. Original source document is not redistributed by NEST.
191,zh,Workplace / HR,workflow/0-html_template/data_zh/191.html,岗位说明书,Source Websites: Ooopic (https://so.ooopic.com/); 51miz (https://www.51miz.com/); 58pic (https://www.58pic.com/); Ibaotu (https://ibaotu.com/),Source-site terms apply. Original source document is not redistributed by NEST.
192,zh,Workplace / HR,workflow/0-html_template/data_zh/192.html,个人简历,Source Websites: Ooopic (https://so.ooopic.com/); 51miz (https://www.51miz.com/); 58pic (https://www.58pic.com/); Ibaotu (https://ibaotu.com/),Source-site terms apply. Original source document is not redistributed by NEST.
193,zh,Business,workflow/0-html_template/data_zh/193.html,比价单,Source Websites: Ooopic (https://so.ooopic.com/); 51miz (https://www.51miz.com/); 58pic (https://www.58pic.com/); Ibaotu (https://ibaotu.com/),Source-site terms apply. Original source document is not redistributed by NEST.
194,zh,Workplace / HR,workflow/0-html_template/data_zh/194.html,招聘登记表,Source Websites: Ooopic (https://so.ooopic.com/); 51miz (https://www.51miz.com/); 58pic (https://www.58pic.com/); Ibaotu (https://ibaotu.com/),Source-site terms apply. Original source document is not redistributed by NEST.
195,zh,Workplace / HR,workflow/0-html_template/data_zh/195.html,辞职申请表,Source Websites: Ooopic (https://so.ooopic.com/); 51miz (https://www.51miz.com/); 58pic (https://www.58pic.com/); Ibaotu (https://ibaotu.com/),Source-site terms apply. Original source document is not redistributed by NEST.
196,zh,Workplace / HR,workflow/0-html_template/data_zh/196.html,财务人员工作交接清单,Source Websites: Ooopic (https://so.ooopic.com/); 51miz (https://www.51miz.com/); 58pic (https://www.58pic.com/); Ibaotu (https://ibaotu.com/),Source-site terms apply. Original source document is not redistributed by NEST.
197,zh,Business,workflow/0-html_template/data_zh/197.html,工程技术项目施工管理表,Source Websites: Ooopic (https://so.ooopic.com/); 51miz (https://www.51miz.com/); 58pic (https://www.58pic.com/); Ibaotu (https://ibaotu.com/),Source-site terms apply. Original source document is not redistributed by NEST.
198,zh,Workplace / HR,workflow/0-html_template/data_zh/198.html,家政服务人员档案表,Source Websites: Ooopic (https://so.ooopic.com/); 51miz (https://www.51miz.com/); 58pic (https://www.58pic.com/); Ibaotu (https://ibaotu.com/),Source-site terms apply. Original source document is not redistributed by NEST.
199,zh,Business,workflow/0-html_template/data_zh/199.html,物资需求申请表,Source Websites: Ooopic (https://so.ooopic.com/); 51miz (https://www.51miz.com/); 58pic (https://www.58pic.com/); Ibaotu (https://ibaotu.com/),Source-site terms apply. Original source document is not redistributed by NEST.
200,zh,Finance,workflow/0-html_template/data_zh/200.html,养老保险人员登记表,Source Websites: Ooopic (https://so.ooopic.com/); 51miz (https://www.51miz.com/); 58pic (https://www.58pic.com/); Ibaotu (https://ibaotu.com/),Source-site terms apply. Original source document is not redistributed by NEST.
201,zh,Education,workflow/0-html_template/data_zh/201.html,培训反映调查问卷,Source Websites: Ooopic (https://so.ooopic.com/); 51miz (https://www.51miz.com/); 58pic (https://www.58pic.com/); Ibaotu (https://ibaotu.com/),Source-site terms apply. Original source document is not redistributed by NEST.
202,zh,Business,workflow/0-html_template/data_zh/202.html,顾客档案表,Source Websites: Ooopic (https://so.ooopic.com/); 51miz (https://www.51miz.com/); 58pic (https://www.58pic.com/); Ibaotu (https://ibaotu.com/),Source-site terms apply. Original source document is not redistributed by NEST.
203,zh,Workplace / HR,workflow/0-html_template/data_zh/203.html,应届毕业生个人求职简历,Source Websites: Ooopic (https://so.ooopic.com/); 51miz (https://www.51miz.com/); 58pic (https://www.58pic.com/); Ibaotu (https://ibaotu.com/),Source-site terms apply. Original source document is not redistributed by NEST.
204,zh,Workplace / HR,workflow/0-html_template/data_zh/204.html,员工奖金核定表,Source Websites: Ooopic (https://so.ooopic.com/); 51miz (https://www.51miz.com/); 58pic (https://www.58pic.com/); Ibaotu (https://ibaotu.com/),Source-site terms apply. Original source document is not redistributed by NEST.
205,zh,Workplace / HR,workflow/0-html_template/data_zh/205.html,停薪留职申请书,Source Websites: Ooopic (https://so.ooopic.com/); 51miz (https://www.51miz.com/); 58pic (https://www.58pic.com/); Ibaotu (https://ibaotu.com/),Source-site terms apply. Original source document is not redistributed by NEST.
206,zh,Workplace / HR,workflow/0-html_template/data_zh/206.html,面试登记表,Source Websites: Ooopic (https://so.ooopic.com/); 51miz (https://www.51miz.com/); 58pic (https://www.58pic.com/); Ibaotu (https://ibaotu.com/),Source-site terms apply. Original source document is not redistributed by NEST.
207,zh,Business,workflow/0-html_template/data_zh/207.html,移交清册,Source Websites: Ooopic (https://so.ooopic.com/); 51miz (https://www.51miz.com/); 58pic (https://www.58pic.com/); Ibaotu (https://ibaotu.com/),Source-site terms apply. Original source document is not redistributed by NEST.
208,zh,Business,workflow/0-html_template/data_zh/208.html,设备请修验收单,Source Websites: Ooopic (https://so.ooopic.com/); 51miz (https://www.51miz.com/); 58pic (https://www.58pic.com/); Ibaotu (https://ibaotu.com/),Source-site terms apply. Original source document is not redistributed by NEST.
209,zh,Workplace / HR,workflow/0-html_template/data_zh/209.html,入职表范本,Source Websites: Ooopic (https://so.ooopic.com/); 51miz (https://www.51miz.com/); 58pic (https://www.58pic.com/); Ibaotu (https://ibaotu.com/),Source-site terms apply. Original source document is not redistributed by NEST.
210,zh,Education,workflow/0-html_template/data_zh/210.html,2001年 第二 学期课程表,Source Websites: Ooopic (https://so.ooopic.com/); 51miz (https://www.51miz.com/); 58pic (https://www.58pic.com/); Ibaotu (https://ibaotu.com/),Source-site terms apply. Original source document is not redistributed by NEST.
211,zh,Workplace / HR,workflow/0-html_template/data_zh/211.html,问题反馈表,Source Websites: Ooopic (https://so.ooopic.com/); 51miz (https://www.51miz.com/); 58pic (https://www.58pic.com/); Ibaotu (https://ibaotu.com/),Source-site terms apply. Original source document is not redistributed by NEST.
212,zh,Workplace / HR,workflow/0-html_template/data_zh/212.html,公司内部应聘报名登记表,Source Websites: Ooopic (https://so.ooopic.com/); 51miz (https://www.51miz.com/); 58pic (https://www.58pic.com/); Ibaotu (https://ibaotu.com/),Source-site terms apply. Original source document is not redistributed by NEST.
213,zh,Business,workflow/0-html_template/data_zh/213.html,收货单,Source Websites: Ooopic (https://so.ooopic.com/); 51miz (https://www.51miz.com/); 58pic (https://www.58pic.com/); Ibaotu (https://ibaotu.com/),Source-site terms apply. Original source document is not redistributed by NEST.
214,zh,Workplace / HR,workflow/0-html_template/data_zh/214.html,医生证明,Source Websites: Ooopic (https://so.ooopic.com/); 51miz (https://www.51miz.com/); 58pic (https://www.58pic.com/); Ibaotu (https://ibaotu.com/),Source-site terms apply. Original source document is not redistributed by NEST.
215,zh,Finance,workflow/0-html_template/data_zh/215.html,报销支付单,Source Websites: Ooopic (https://so.ooopic.com/); 51miz (https://www.51miz.com/); 58pic (https://www.58pic.com/); Ibaotu (https://ibaotu.com/),Source-site terms apply. Original source document is not redistributed by NEST.
216,zh,Healthcare,workflow/0-html_template/data_zh/216.html,皮肤检测表,Source Websites: Ooopic (https://so.ooopic.com/); 51miz (https://www.51miz.com/); 58pic (https://www.58pic.com/); Ibaotu (https://ibaotu.com/),Source-site terms apply. Original source document is not redistributed by NEST.
217,zh,Workplace / HR,workflow/0-html_template/data_zh/217.html,福利委员会员工互助金申请单,Source Websites: Ooopic (https://so.ooopic.com/); 51miz (https://www.51miz.com/); 58pic (https://www.58pic.com/); Ibaotu (https://ibaotu.com/),Source-site terms apply. Original source document is not redistributed by NEST.
218,zh,Business,workflow/0-html_template/data_zh/218.html,请购单,Source Websites: Ooopic (https://so.ooopic.com/); 51miz (https://www.51miz.com/); 58pic (https://www.58pic.com/); Ibaotu (https://ibaotu.com/),Source-site terms apply. Original source document is not redistributed by NEST.
219,zh,Workplace / HR,workflow/0-html_template/data_zh/219.html,试用员工考核表,Source Websites: Ooopic (https://so.ooopic.com/); 51miz (https://www.51miz.com/); 58pic (https://www.58pic.com/); Ibaotu (https://ibaotu.com/),Source-site terms apply. Original source document is not redistributed by NEST.
220,zh,Workplace / HR,workflow/0-html_template/data_zh/220.html,员工离职申请单,Source Websites: Ooopic (https://so.ooopic.com/); 51miz (https://www.51miz.com/); 58pic (https://www.58pic.com/); Ibaotu (https://ibaotu.com/),Source-site terms apply. Original source document is not redistributed by NEST.
221,zh,Finance,workflow/0-html_template/data_zh/221.html,财务入账单,Source Websites: Ooopic (https://so.ooopic.com/); 51miz (https://www.51miz.com/); 58pic (https://www.58pic.com/); Ibaotu (https://ibaotu.com/),Source-site terms apply. Original source document is not redistributed by NEST.
222,zh,Education,workflow/0-html_template/data_zh/222.html,高等学校学生及家庭情况调查表,Source Websites: Ooopic (https://so.ooopic.com/); 51miz (https://www.51miz.com/); 58pic (https://www.58pic.com/); Ibaotu (https://ibaotu.com/),Source-site terms apply. Original source document is not redistributed by NEST.
223,zh,Workplace / HR,workflow/0-html_template/data_zh/223.html,离职面谈表,Source Websites: Ooopic (https://so.ooopic.com/); 51miz (https://www.51miz.com/); 58pic (https://www.58pic.com/); Ibaotu (https://ibaotu.com/),Source-site terms apply. Original source document is not redistributed by NEST.
224,zh,Finance,workflow/0-html_template/data_zh/224.html,固定资产报废报损审批表,Source Websites: Ooopic (https://so.ooopic.com/); 51miz (https://www.51miz.com/); 58pic (https://www.58pic.com/); Ibaotu (https://ibaotu.com/),Source-site terms apply. Original source document is not redistributed by NEST.
225,zh,Finance,workflow/0-html_template/data_zh/225.html,活动资金预算表,Source Websites: Ooopic (https://so.ooopic.com/); 51miz (https://www.51miz.com/); 58pic (https://www.58pic.com/); Ibaotu (https://ibaotu.com/),Source-site terms apply. Original source document is not redistributed by NEST.
226,zh,Education,workflow/0-html_template/data_zh/226.html,听 课 记 录 表,Source Websites: Ooopic (https://so.ooopic.com/); 51miz (https://www.51miz.com/); 58pic (https://www.58pic.com/); Ibaotu (https://ibaotu.com/),Source-site terms apply. Original source document is not redistributed by NEST.
227,zh,Business,workflow/0-html_template/data_zh/227.html,物资出门申请单,Source Websites: Ooopic (https://so.ooopic.com/); 51miz (https://www.51miz.com/); 58pic (https://www.58pic.com/); Ibaotu (https://ibaotu.com/),Source-site terms apply. Original source document is not redistributed by NEST.
228,zh,Gov. & Public Svc.,workflow/0-html_template/data_zh/228.html,发文稿纸样本,Source Websites: Ooopic (https://so.ooopic.com/); 51miz (https://www.51miz.com/); 58pic (https://www.58pic.com/); Ibaotu (https://ibaotu.com/),Source-site terms apply. Original source document is not redistributed by NEST.
229,zh,Workplace / HR,workflow/0-html_template/data_zh/229.html,员工职称补贴申请表,Source Websites: Ooopic (https://so.ooopic.com/); 51miz (https://www.51miz.com/); 58pic (https://www.58pic.com/); Ibaotu (https://ibaotu.com/),Source-site terms apply. Original source document is not redistributed by NEST.
230,zh,Workplace / HR,workflow/0-html_template/data_zh/230.html,安全环保重大风险责任公示牌,Source Websites: Ooopic (https://so.ooopic.com/); 51miz (https://www.51miz.com/); 58pic (https://www.58pic.com/); Ibaotu (https://ibaotu.com/),Source-site terms apply. Original source document is not redistributed by NEST.
231,zh,Workplace / HR,workflow/0-html_template/data_zh/231.html,特别休假请假单,Source Websites: Ooopic (https://so.ooopic.com/); 51miz (https://www.51miz.com/); 58pic (https://www.58pic.com/); Ibaotu (https://ibaotu.com/),Source-site terms apply. Original source document is not redistributed by NEST.
232,zh,Healthcare,workflow/0-html_template/data_zh/232.html,员工体检表,Source Websites: Ooopic (https://so.ooopic.com/); 51miz (https://www.51miz.com/); 58pic (https://www.58pic.com/); Ibaotu (https://ibaotu.com/),Source-site terms apply. Original source document is not redistributed by NEST.
233,zh,Gov. & Public Svc.,workflow/0-html_template/data_zh/233.html,装修施工人员临时出入许可证,Source Websites: Ooopic (https://so.ooopic.com/); 51miz (https://www.51miz.com/); 58pic (https://www.58pic.com/); Ibaotu (https://ibaotu.com/),Source-site terms apply. Original source document is not redistributed by NEST.
234,zh,Workplace / HR,workflow/0-html_template/data_zh/234.html,员工离职移交手续清单,Source Websites: Ooopic (https://so.ooopic.com/); 51miz (https://www.51miz.com/); 58pic (https://www.58pic.com/); Ibaotu (https://ibaotu.com/),Source-site terms apply. Original source document is not redistributed by NEST.
235,zh,Business,workflow/0-html_template/data_zh/235.html,移交清单,Source Websites: Ooopic (https://so.ooopic.com/); 51miz (https://www.51miz.com/); 58pic (https://www.58pic.com/); Ibaotu (https://ibaotu.com/),Source-site terms apply. Original source document is not redistributed by NEST.
236,zh,Business,workflow/0-html_template/data_zh/236.html,产品定价分析表,Source Websites: Ooopic (https://so.ooopic.com/); 51miz (https://www.51miz.com/); 58pic (https://www.58pic.com/); Ibaotu (https://ibaotu.com/),Source-site terms apply. Original source document is not redistributed by NEST.
237,zh,Workplace / HR,workflow/0-html_template/data_zh/237.html,人员增补申请表,Source Websites: Ooopic (https://so.ooopic.com/); 51miz (https://www.51miz.com/); 58pic (https://www.58pic.com/); Ibaotu (https://ibaotu.com/),Source-site terms apply. Original source document is not redistributed by NEST.
238,zh,Business,workflow/0-html_template/data_zh/238.html,产品行销分析表,Source Websites: Ooopic (https://so.ooopic.com/); 51miz (https://www.51miz.com/); 58pic (https://www.58pic.com/); Ibaotu (https://ibaotu.com/),Source-site terms apply. Original source document is not redistributed by NEST.
239,zh,Healthcare,workflow/0-html_template/data_zh/239.html,不良事件报告记录,Source Websites: Ooopic (https://so.ooopic.com/); 51miz (https://www.51miz.com/); 58pic (https://www.58pic.com/); Ibaotu (https://ibaotu.com/),Source-site terms apply. Original source document is not redistributed by NEST.
240,zh,Workplace / HR,workflow/0-html_template/data_zh/240.html,员工离职通知书,Source Websites: Ooopic (https://so.ooopic.com/); 51miz (https://www.51miz.com/); 58pic (https://www.58pic.com/); Ibaotu (https://ibaotu.com/),Source-site terms apply. Original source document is not redistributed by NEST.
241,zh,Business,workflow/0-html_template/data_zh/241.html,店务日报表,Source Websites: Ooopic (https://so.ooopic.com/); 51miz (https://www.51miz.com/); 58pic (https://www.58pic.com/); Ibaotu (https://ibaotu.com/),Source-site terms apply. Original source document is not redistributed by NEST.
242,zh,Workplace / HR,workflow/0-html_template/data_zh/242.html,员工招聘申请书,Source Websites: Ooopic (https://so.ooopic.com/); 51miz (https://www.51miz.com/); 58pic (https://www.58pic.com/); Ibaotu (https://ibaotu.com/),Source-site terms apply. Original source document is not redistributed by NEST.
243,zh,Workplace / HR,workflow/0-html_template/data_zh/243.html,员工申请退休表,Source Websites: Ooopic (https://so.ooopic.com/); 51miz (https://www.51miz.com/); 58pic (https://www.58pic.com/); Ibaotu (https://ibaotu.com/),Source-site terms apply. Original source document is not redistributed by NEST.
244,zh,Workplace / HR,workflow/0-html_template/data_zh/244.html,新员工工资核定表,Source Websites: Ooopic (https://so.ooopic.com/); 51miz (https://www.51miz.com/); 58pic (https://www.58pic.com/); Ibaotu (https://ibaotu.com/),Source-site terms apply. Original source document is not redistributed by NEST.
245,zh,Business,workflow/0-html_template/data_zh/245.html,客户信用调查表,Source Websites: Ooopic (https://so.ooopic.com/); 51miz (https://www.51miz.com/); 58pic (https://www.58pic.com/); Ibaotu (https://ibaotu.com/),Source-site terms apply. Original source document is not redistributed by NEST.
246,zh,Workplace / HR,workflow/0-html_template/data_zh/246.html,职员工作表,Source Websites: Ooopic (https://so.ooopic.com/); 51miz (https://www.51miz.com/); 58pic (https://www.58pic.com/); Ibaotu (https://ibaotu.com/),Source-site terms apply. Original source document is not redistributed by NEST.
247,zh,Finance,workflow/0-html_template/data_zh/247.html,国外出差费用明细报告书,Source Websites: Ooopic (https://so.ooopic.com/); 51miz (https://www.51miz.com/); 58pic (https://www.58pic.com/); Ibaotu (https://ibaotu.com/),Source-site terms apply. Original source document is not redistributed by NEST.
248,zh,Business,workflow/0-html_template/data_zh/248.html,会议决定事项实施管理表,Source Websites: Ooopic (https://so.ooopic.com/); 51miz (https://www.51miz.com/); 58pic (https://www.58pic.com/); Ibaotu (https://ibaotu.com/),Source-site terms apply. Original source document is not redistributed by NEST.
249,zh,Workplace / HR,workflow/0-html_template/data_zh/249.html,进厂联络单,Source Websites: Ooopic (https://so.ooopic.com/); 51miz (https://www.51miz.com/); 58pic (https://www.58pic.com/); Ibaotu (https://ibaotu.com/),Source-site terms apply. Original source document is not redistributed by NEST.
250,zh,Workplace / HR,workflow/0-html_template/data_zh/250.html,行政办公职位规范表,Source Websites: Ooopic (https://so.ooopic.com/); 51miz (https://www.51miz.com/); 58pic (https://www.58pic.com/); Ibaotu (https://ibaotu.com/),Source-site terms apply. Original source document is not redistributed by NEST.
251,zh,Workplace / HR,workflow/0-html_template/data_zh/251.html,面试者个人资料登记表,Source Websites: Ooopic (https://so.ooopic.com/); 51miz (https://www.51miz.com/); 58pic (https://www.58pic.com/); Ibaotu (https://ibaotu.com/),Source-site terms apply. Original source document is not redistributed by NEST.
252,zh,Workplace / HR,workflow/0-html_template/data_zh/252.html,应聘报名表,Source Websites: Ooopic (https://so.ooopic.com/); 51miz (https://www.51miz.com/); 58pic (https://www.58pic.com/); Ibaotu (https://ibaotu.com/),Source-site terms apply. Original source document is not redistributed by NEST.
253,zh,Workplace / HR,workflow/0-html_template/data_zh/253.html,个人履历表模版,Source Websites: Ooopic (https://so.ooopic.com/); 51miz (https://www.51miz.com/); 58pic (https://www.58pic.com/); Ibaotu (https://ibaotu.com/),Source-site terms apply. Original source document is not redistributed by NEST.
254,zh,Workplace / HR,workflow/0-html_template/data_zh/254.html,员工到职单,Source Websites: Ooopic (https://so.ooopic.com/); 51miz (https://www.51miz.com/); 58pic (https://www.58pic.com/); Ibaotu (https://ibaotu.com/),Source-site terms apply. Original source document is not redistributed by NEST.
255,zh,Workplace / HR,workflow/0-html_template/data_zh/255.html,应聘人员登记表,Source Websites: Ooopic (https://so.ooopic.com/); 51miz (https://www.51miz.com/); 58pic (https://www.58pic.com/); Ibaotu (https://ibaotu.com/),Source-site terms apply. Original source document is not redistributed by NEST.
256,zh,Workplace / HR,workflow/0-html_template/data_zh/256.html,面试登记表,Source Websites: Ooopic (https://so.ooopic.com/); 51miz (https://www.51miz.com/); 58pic (https://www.58pic.com/); Ibaotu (https://ibaotu.com/),Source-site terms apply. Original source document is not redistributed by NEST.
257,zh,Education,workflow/0-html_template/data_zh/257.html,安全生产法律法规培训考核记录,Source Websites: Ooopic (https://so.ooopic.com/); 51miz (https://www.51miz.com/); 58pic (https://www.58pic.com/); Ibaotu (https://ibaotu.com/),Source-site terms apply. Original source document is not redistributed by NEST.
258,zh,Education,workflow/0-html_template/data_zh/258.html,成都中医药大学离、退休教职工因私出国(境)审批表,Source Websites: Ooopic (https://so.ooopic.com/); 51miz (https://www.51miz.com/); 58pic (https://www.58pic.com/); Ibaotu (https://ibaotu.com/),Source-site terms apply. Original source document is not redistributed by NEST.
259,zh,Gov. & Public Svc.,workflow/0-html_template/data_zh/259.html,中国铁道学会经济规划委员会委员推荐表,Source Websites: Ooopic (https://so.ooopic.com/); 51miz (https://www.51miz.com/); 58pic (https://www.58pic.com/); Ibaotu (https://ibaotu.com/),Source-site terms apply. Original source document is not redistributed by NEST.
260,zh,Healthcare,workflow/0-html_template/data_zh/260.html,医院护士交接班记录表,Source Websites: Ooopic (https://so.ooopic.com/); 51miz (https://www.51miz.com/); 58pic (https://www.58pic.com/); Ibaotu (https://ibaotu.com/),Source-site terms apply. Original source document is not redistributed by NEST.
261,zh,Workplace / HR,workflow/0-html_template/data_zh/261.html,员工公司加班申请表,Source Websites: Ooopic (https://so.ooopic.com/); 51miz (https://www.51miz.com/); 58pic (https://www.58pic.com/); Ibaotu (https://ibaotu.com/),Source-site terms apply. Original source document is not redistributed by NEST.
262,zh,Workplace / HR,workflow/0-html_template/data_zh/262.html,应聘人员登记表,Source Websites: Ooopic (https://so.ooopic.com/); 51miz (https://www.51miz.com/); 58pic (https://www.58pic.com/); Ibaotu (https://ibaotu.com/),Source-site terms apply. Original source document is not redistributed by NEST.
263,zh,Workplace / HR,workflow/0-html_template/data_zh/263.html,员工入职申请表,Source Websites: Ooopic (https://so.ooopic.com/); 51miz (https://www.51miz.com/); 58pic (https://www.58pic.com/); Ibaotu (https://ibaotu.com/),Source-site terms apply. Original source document is not redistributed by NEST.
264,zh,Workplace / HR,workflow/0-html_template/data_zh/264.html,应聘人员登记表,Source Websites: Ooopic (https://so.ooopic.com/); 51miz (https://www.51miz.com/); 58pic (https://www.58pic.com/); Ibaotu (https://ibaotu.com/),Source-site terms apply. Original source document is not redistributed by NEST.
265,zh,Workplace / HR,workflow/0-html_template/data_zh/265.html,应聘人员登记表,Source Websites: Ooopic (https://so.ooopic.com/); 51miz (https://www.51miz.com/); 58pic (https://www.58pic.com/); Ibaotu (https://ibaotu.com/),Source-site terms apply. Original source document is not redistributed by NEST.
266,zh,Workplace / HR,workflow/0-html_template/data_zh/266.html,员工履历表,Source Websites: Ooopic (https://so.ooopic.com/); 51miz (https://www.51miz.com/); 58pic (https://www.58pic.com/); Ibaotu (https://ibaotu.com/),Source-site terms apply. Original source document is not redistributed by NEST.
267,zh,Workplace / HR,workflow/0-html_template/data_zh/267.html,员工入职表,Source Websites: Ooopic (https://so.ooopic.com/); 51miz (https://www.51miz.com/); 58pic (https://www.58pic.com/); Ibaotu (https://ibaotu.com/),Source-site terms apply. Original source document is not redistributed by NEST.
268,zh,Workplace / HR,workflow/0-html_template/data_zh/268.html,面试评估表,Source Websites: Ooopic (https://so.ooopic.com/); 51miz (https://www.51miz.com/); 58pic (https://www.58pic.com/); Ibaotu (https://ibaotu.com/),Source-site terms apply. Original source document is not redistributed by NEST.
269,zh,Workplace / HR,workflow/0-html_template/data_zh/269.html,应聘人员登记表,Source Websites: Ooopic (https://so.ooopic.com/); 51miz (https://www.51miz.com/); 58pic (https://www.58pic.com/); Ibaotu (https://ibaotu.com/),Source-site terms apply. Original source document is not redistributed by NEST.
270,zh,Workplace / HR,workflow/0-html_template/data_zh/270.html,应聘人员登记表,Source Websites: Ooopic (https://so.ooopic.com/); 51miz (https://www.51miz.com/); 58pic (https://www.58pic.com/); Ibaotu (https://ibaotu.com/),Source-site terms apply. Original source document is not redistributed by NEST.
271,zh,Workplace / HR,workflow/0-html_template/data_zh/271.html,应聘人员登记表,Source Websites: Ooopic (https://so.ooopic.com/); 51miz (https://www.51miz.com/); 58pic (https://www.58pic.com/); Ibaotu (https://ibaotu.com/),Source-site terms apply. Original source document is not redistributed by NEST.
272,zh,Workplace / HR,workflow/0-html_template/data_zh/272.html,应 聘 信 息 登 记 表,Source Websites: Ooopic (https://so.ooopic.com/); 51miz (https://www.51miz.com/); 58pic (https://www.58pic.com/); Ibaotu (https://ibaotu.com/),Source-site terms apply. Original source document is not redistributed by NEST.
273,zh,Workplace / HR,workflow/0-html_template/data_zh/273.html,人员应聘登记表,Source Websites: Ooopic (https://so.ooopic.com/); 51miz (https://www.51miz.com/); 58pic (https://www.58pic.com/); Ibaotu (https://ibaotu.com/),Source-site terms apply. Original source document is not redistributed by NEST.
274,zh,Workplace / HR,workflow/0-html_template/data_zh/274.html,员工离职表,Source Websites: Ooopic (https://so.ooopic.com/); 51miz (https://www.51miz.com/); 58pic (https://www.58pic.com/); Ibaotu (https://ibaotu.com/),Source-site terms apply. Original source document is not redistributed by NEST.
275,zh,Workplace / HR,workflow/0-html_template/data_zh/275.html,公司员工入职表,Source Websites: Ooopic (https://so.ooopic.com/); 51miz (https://www.51miz.com/); 58pic (https://www.58pic.com/); Ibaotu (https://ibaotu.com/),Source-site terms apply. Original source document is not redistributed by NEST.
276,zh,Workplace / HR,workflow/0-html_template/data_zh/276.html,员工入职审批表,Source Websites: Ooopic (https://so.ooopic.com/); 51miz (https://www.51miz.com/); 58pic (https://www.58pic.com/); Ibaotu (https://ibaotu.com/),Source-site terms apply. Original source document is not redistributed by NEST.
277,zh,Workplace / HR,workflow/0-html_template/data_zh/277.html,变更工资申请表,Source Websites: Ooopic (https://so.ooopic.com/); 51miz (https://www.51miz.com/); 58pic (https://www.58pic.com/); Ibaotu (https://ibaotu.com/),Source-site terms apply. Original source document is not redistributed by NEST.
278,zh,Workplace / HR,workflow/0-html_template/data_zh/278.html,入职申请表,Source Websites: Ooopic (https://so.ooopic.com/); 51miz (https://www.51miz.com/); 58pic (https://www.58pic.com/); Ibaotu (https://ibaotu.com/),Source-site terms apply. Original source document is not redistributed by NEST.
279,zh,Healthcare,workflow/0-html_template/data_zh/279.html,学生健康体检表,Source Websites: Ooopic (https://so.ooopic.com/); 51miz (https://www.51miz.com/); 58pic (https://www.58pic.com/); Ibaotu (https://ibaotu.com/),Source-site terms apply. Original source document is not redistributed by NEST.
280,zh,Workplace / HR,workflow/0-html_template/data_zh/280.html,员工入职登记表,Source Websites: Ooopic (https://so.ooopic.com/); 51miz (https://www.51miz.com/); 58pic (https://www.58pic.com/); Ibaotu (https://ibaotu.com/),Source-site terms apply. Original source document is not redistributed by NEST.
281,zh,Workplace / HR,workflow/0-html_template/data_zh/281.html,员工离职审批表,Source Websites: Ooopic (https://so.ooopic.com/); 51miz (https://www.51miz.com/); 58pic (https://www.58pic.com/); Ibaotu (https://ibaotu.com/),Source-site terms apply. Original source document is not redistributed by NEST.
282,zh,Workplace / HR,workflow/0-html_template/data_zh/282.html,员工离职申请表,Source Websites: Ooopic (https://so.ooopic.com/); 51miz (https://www.51miz.com/); 58pic (https://www.58pic.com/); Ibaotu (https://ibaotu.com/),Source-site terms apply. Original source document is not redistributed by NEST.
283,zh,Business,workflow/0-html_template/data_zh/283.html,不动产销售日报,Source Websites: Ooopic (https://so.ooopic.com/); 51miz (https://www.51miz.com/); 58pic (https://www.58pic.com/); Ibaotu (https://ibaotu.com/),Source-site terms apply. Original source document is not redistributed by NEST.
284,zh,Workplace / HR,workflow/0-html_template/data_zh/284.html,入 职 登 记 表,Source Websites: Ooopic (https://so.ooopic.com/); 51miz (https://www.51miz.com/); 58pic (https://www.58pic.com/); Ibaotu (https://ibaotu.com/),Source-site terms apply. Original source document is not redistributed by NEST.
285,zh,Healthcare,workflow/0-html_template/data_zh/285.html,人员体格检查表,Source Websites: Ooopic (https://so.ooopic.com/); 51miz (https://www.51miz.com/); 58pic (https://www.58pic.com/); Ibaotu (https://ibaotu.com/),Source-site terms apply. Original source document is not redistributed by NEST.
286,zh,Business,workflow/0-html_template/data_zh/286.html,工作交接表,Source Websites: Ooopic (https://so.ooopic.com/); 51miz (https://www.51miz.com/); 58pic (https://www.58pic.com/); Ibaotu (https://ibaotu.com/),Source-site terms apply. Original source document is not redistributed by NEST.
287,zh,Workplace / HR,workflow/0-html_template/data_zh/287.html,人事调动交接明细表,Source Websites: Ooopic (https://so.ooopic.com/); 51miz (https://www.51miz.com/); 58pic (https://www.58pic.com/); Ibaotu (https://ibaotu.com/),Source-site terms apply. Original source document is not redistributed by NEST.
288,zh,Business,workflow/0-html_template/data_zh/288.html,XX公司档案保存年限表,Source Websites: Ooopic (https://so.ooopic.com/); 51miz (https://www.51miz.com/); 58pic (https://www.58pic.com/); Ibaotu (https://ibaotu.com/),Source-site terms apply. Original source document is not redistributed by NEST.
289,zh,Business,workflow/0-html_template/data_zh/289.html,月生产计划统计表,Source Websites: Ooopic (https://so.ooopic.com/); 51miz (https://www.51miz.com/); 58pic (https://www.58pic.com/); Ibaotu (https://ibaotu.com/),Source-site terms apply. Original source document is not redistributed by NEST.
290,zh,Workplace / HR,workflow/0-html_template/data_zh/290.html,员工离职结算明细表,Source Websites: Ooopic (https://so.ooopic.com/); 51miz (https://www.51miz.com/); 58pic (https://www.58pic.com/); Ibaotu (https://ibaotu.com/),Source-site terms apply. Original source document is not redistributed by NEST.
291,zh,Workplace / HR,workflow/0-html_template/data_zh/291.html,试用期员工转正考核表,Source Websites: Ooopic (https://so.ooopic.com/); 51miz (https://www.51miz.com/); 58pic (https://www.58pic.com/); Ibaotu (https://ibaotu.com/),Source-site terms apply. Original source document is not redistributed by NEST.
292,zh,Workplace / HR,workflow/0-html_template/data_zh/292.html,入职信息登记表,Source Websites: Ooopic (https://so.ooopic.com/); 51miz (https://www.51miz.com/); 58pic (https://www.58pic.com/); Ibaotu (https://ibaotu.com/),Source-site terms apply. Original source document is not redistributed by NEST.
293,zh,Workplace / HR,workflow/0-html_template/data_zh/293.html,员工离职交接表,Source Websites: Ooopic (https://so.ooopic.com/); 51miz (https://www.51miz.com/); 58pic (https://www.58pic.com/); Ibaotu (https://ibaotu.com/),Source-site terms apply. Original source document is not redistributed by NEST.
294,zh,Workplace / HR,workflow/0-html_template/data_zh/294.html,辞职申请/审批/交接表,Source Websites: Ooopic (https://so.ooopic.com/); 51miz (https://www.51miz.com/); 58pic (https://www.58pic.com/); Ibaotu (https://ibaotu.com/),Source-site terms apply. Original source document is not redistributed by NEST.
295,zh,Workplace / HR,workflow/0-html_template/data_zh/295.html,离职手续办理表,Source Websites: Ooopic (https://so.ooopic.com/); 51miz (https://www.51miz.com/); 58pic (https://www.58pic.com/); Ibaotu (https://ibaotu.com/),Source-site terms apply. Original source document is not redistributed by NEST.
296,zh,Workplace / HR,workflow/0-html_template/data_zh/296.html,员工个人简历表格,Source Websites: Ooopic (https://so.ooopic.com/); 51miz (https://www.51miz.com/); 58pic (https://www.58pic.com/); Ibaotu (https://ibaotu.com/),Source-site terms apply. Original source document is not redistributed by NEST.
297,zh,Workplace / HR,workflow/0-html_template/data_zh/297.html,入职登记表,Source Websites: Ooopic (https://so.ooopic.com/); 51miz (https://www.51miz.com/); 58pic (https://www.58pic.com/); Ibaotu (https://ibaotu.com/),Source-site terms apply. Original source document is not redistributed by NEST.
298,zh,Workplace / HR,workflow/0-html_template/data_zh/298.html,人事离职表,Source Websites: Ooopic (https://so.ooopic.com/); 51miz (https://www.51miz.com/); 58pic (https://www.58pic.com/); Ibaotu (https://ibaotu.com/),Source-site terms apply. Original source document is not redistributed by NEST.
299,zh,Workplace / HR,workflow/0-html_template/data_zh/299.html,周工作总结计划表,Source Websites: Ooopic (https://so.ooopic.com/); 51miz (https://www.51miz.com/); 58pic (https://www.58pic.com/); Ibaotu (https://ibaotu.com/),Source-site terms apply. Original source document is not redistributed by NEST.
300,zh,Workplace / HR,workflow/0-html_template/data_zh/300.html,请假申请表,Source Websites: Ooopic (https://so.ooopic.com/); 51miz (https://www.51miz.com/); 58pic (https://www.58pic.com/); Ibaotu (https://ibaotu.com/),Source-site terms apply. Original source document is not redistributed by NEST.
301,zh,Workplace / HR,workflow/0-html_template/data_zh/301.html,公司员工资料卡,Source Websites: Ooopic (https://so.ooopic.com/); 51miz (https://www.51miz.com/); 58pic (https://www.58pic.com/); Ibaotu (https://ibaotu.com/),Source-site terms apply. Original source document is not redistributed by NEST.
302,zh,Gov. & Public Svc.,workflow/0-html_template/data_zh/302.html,纳税人开票表格,Source Websites: Ooopic (https://so.ooopic.com/); 51miz (https://www.51miz.com/); 58pic (https://www.58pic.com/); Ibaotu (https://ibaotu.com/),Source-site terms apply. Original source document is not redistributed by NEST.
303,zh,Business,workflow/0-html_template/data_zh/303.html,产品修改申请表,Source Websites: Ooopic (https://so.ooopic.com/); 51miz (https://www.51miz.com/); 58pic (https://www.58pic.com/); Ibaotu (https://ibaotu.com/),Source-site terms apply. Original source document is not redistributed by NEST.
304,zh,Workplace / HR,workflow/0-html_template/data_zh/304.html,员工离职申请审批表,Source Websites: Ooopic (https://so.ooopic.com/); 51miz (https://www.51miz.com/); 58pic (https://www.58pic.com/); Ibaotu (https://ibaotu.com/),Source-site terms apply. Original source document is not redistributed by NEST.
305,zh,Education,workflow/0-html_template/data_zh/305.html,外请讲师审批表,Source Websites: Ooopic (https://so.ooopic.com/); 51miz (https://www.51miz.com/); 58pic (https://www.58pic.com/); Ibaotu (https://ibaotu.com/),Source-site terms apply. Original source document is not redistributed by NEST.
306,zh,Workplace / HR,workflow/0-html_template/data_zh/306.html,应聘人员信息登记表,Source Websites: Ooopic (https://so.ooopic.com/); 51miz (https://www.51miz.com/); 58pic (https://www.58pic.com/); Ibaotu (https://ibaotu.com/),Source-site terms apply. Original source document is not redistributed by NEST.
307,zh,Business,workflow/0-html_template/data_zh/307.html,店铺培训计划表,Source Websites: Ooopic (https://so.ooopic.com/); 51miz (https://www.51miz.com/); 58pic (https://www.58pic.com/); Ibaotu (https://ibaotu.com/),Source-site terms apply. Original source document is not redistributed by NEST.
308,zh,Workplace / HR,workflow/0-html_template/data_zh/308.html,员工离职移交结算表,Source Websites: Ooopic (https://so.ooopic.com/); 51miz (https://www.51miz.com/); 58pic (https://www.58pic.com/); Ibaotu (https://ibaotu.com/),Source-site terms apply. Original source document is not redistributed by NEST.
309,zh,Workplace / HR,workflow/0-html_template/data_zh/309.html,新员工个人绩效计划表,Source Websites: Ooopic (https://so.ooopic.com/); 51miz (https://www.51miz.com/); 58pic (https://www.58pic.com/); Ibaotu (https://ibaotu.com/),Source-site terms apply. Original source document is not redistributed by NEST.
310,zh,Workplace / HR,workflow/0-html_template/data_zh/310.html,部门培训申请表,Source Websites: Ooopic (https://so.ooopic.com/); 51miz (https://www.51miz.com/); 58pic (https://www.58pic.com/); Ibaotu (https://ibaotu.com/),Source-site terms apply. Original source document is not redistributed by NEST.
311,zh,Workplace / HR,workflow/0-html_template/data_zh/311.html,工作奖金核定表,Source Websites: Ooopic (https://so.ooopic.com/); 51miz (https://www.51miz.com/); 58pic (https://www.58pic.com/); Ibaotu (https://ibaotu.com/),Source-site terms apply. Original source document is not redistributed by NEST.
312,zh,Business,workflow/0-html_template/data_zh/312.html,客 户 调 查 表,Source Websites: Ooopic (https://so.ooopic.com/); 51miz (https://www.51miz.com/); 58pic (https://www.58pic.com/); Ibaotu (https://ibaotu.com/),Source-site terms apply. Original source document is not redistributed by NEST.
313,zh,Workplace / HR,workflow/0-html_template/data_zh/313.html,人员需求表,Source Websites: Ooopic (https://so.ooopic.com/); 51miz (https://www.51miz.com/); 58pic (https://www.58pic.com/); Ibaotu (https://ibaotu.com/),Source-site terms apply. Original source document is not redistributed by NEST.
314,zh,Healthcare,workflow/0-html_template/data_zh/314.html,健康体检表,Source Websites: Ooopic (https://so.ooopic.com/); 51miz (https://www.51miz.com/); 58pic (https://www.58pic.com/); Ibaotu (https://ibaotu.com/),Source-site terms apply. Original source document is not redistributed by NEST.
315,zh,Healthcare,workflow/0-html_template/data_zh/315.html,医院体检表格,Source Websites: Ooopic (https://so.ooopic.com/); 51miz (https://www.51miz.com/); 58pic (https://www.58pic.com/); Ibaotu (https://ibaotu.com/),Source-site terms apply. Original source document is not redistributed by NEST.
316,zh,Workplace / HR,workflow/0-html_template/data_zh/316.html,面试登记表,Source Websites: Ooopic (https://so.ooopic.com/); 51miz (https://www.51miz.com/); 58pic (https://www.58pic.com/); Ibaotu (https://ibaotu.com/),Source-site terms apply. Original source document is not redistributed by NEST.
317,zh,Workplace / HR,workflow/0-html_template/data_zh/317.html,个人简历,Source Websites: Ooopic (https://so.ooopic.com/); 51miz (https://www.51miz.com/); 58pic (https://www.58pic.com/); Ibaotu (https://ibaotu.com/),Source-site terms apply. Original source document is not redistributed by NEST.
318,zh,Workplace / HR,workflow/0-html_template/data_zh/318.html,基本信息登记表,Source Websites: Ooopic (https://so.ooopic.com/); 51miz (https://www.51miz.com/); 58pic (https://www.58pic.com/); Ibaotu (https://ibaotu.com/),Source-site terms apply. Original source document is not redistributed by NEST.
319,zh,Workplace / HR,workflow/0-html_template/data_zh/319.html,员工履历书,Source Websites: Ooopic (https://so.ooopic.com/); 51miz (https://www.51miz.com/); 58pic (https://www.58pic.com/); Ibaotu (https://ibaotu.com/),Source-site terms apply. Original source document is not redistributed by NEST.
320,zh,Workplace / HR,workflow/0-html_template/data_zh/320.html,入职申请表,Source Websites: Ooopic (https://so.ooopic.com/); 51miz (https://www.51miz.com/); 58pic (https://www.58pic.com/); Ibaotu (https://ibaotu.com/),Source-site terms apply. Original source document is not redistributed by NEST.
321,zh,Education,workflow/0-html_template/data_zh/321.html,学生个人信息登记表,Source Websites: Ooopic (https://so.ooopic.com/); 51miz (https://www.51miz.com/); 58pic (https://www.58pic.com/); Ibaotu (https://ibaotu.com/),Source-site terms apply. Original source document is not redistributed by NEST.
322,zh,Workplace / HR,workflow/0-html_template/data_zh/322.html,公司员工入职表,Source Websites: Ooopic (https://so.ooopic.com/); 51miz (https://www.51miz.com/); 58pic (https://www.58pic.com/); Ibaotu (https://ibaotu.com/),Source-site terms apply. Original source document is not redistributed by NEST.
323,zh,Workplace / HR,workflow/0-html_template/data_zh/323.html,个人简历信息表,Source Websites: Ooopic (https://so.ooopic.com/); 51miz (https://www.51miz.com/); 58pic (https://www.58pic.com/); Ibaotu (https://ibaotu.com/),Source-site terms apply. Original source document is not redistributed by NEST.
324,zh,Workplace / HR,workflow/0-html_template/data_zh/324.html,个人简历,Source Websites: Ooopic (https://so.ooopic.com/); 51miz (https://www.51miz.com/); 58pic (https://www.58pic.com/); Ibaotu (https://ibaotu.com/),Source-site terms apply. Original source document is not redistributed by NEST.
325,zh,Workplace / HR,workflow/0-html_template/data_zh/325.html,个人求职简历表格,Source Websites: Ooopic (https://so.ooopic.com/); 51miz (https://www.51miz.com/); 58pic (https://www.58pic.com/); Ibaotu (https://ibaotu.com/),Source-site terms apply. Original source document is not redistributed by NEST.
326,zh,Workplace / HR,workflow/0-html_template/data_zh/326.html,招聘简历登记表,Source Websites: Ooopic (https://so.ooopic.com/); 51miz (https://www.51miz.com/); 58pic (https://www.58pic.com/); Ibaotu (https://ibaotu.com/),Source-site terms apply. Original source document is not redistributed by NEST.
327,zh,Workplace / HR,workflow/0-html_template/data_zh/327.html,面试登记表,Source Websites: Ooopic (https://so.ooopic.com/); 51miz (https://www.51miz.com/); 58pic (https://www.58pic.com/); Ibaotu (https://ibaotu.com/),Source-site terms apply. Original source document is not redistributed by NEST.
328,zh,Workplace / HR,workflow/0-html_template/data_zh/328.html,个人信息模版,Source Websites: Ooopic (https://so.ooopic.com/); 51miz (https://www.51miz.com/); 58pic (https://www.58pic.com/); Ibaotu (https://ibaotu.com/),Source-site terms apply. Original source document is not redistributed by NEST.
329,zh,Workplace / HR,workflow/0-html_template/data_zh/329.html,个人信息登记表,Source Websites: Ooopic (https://so.ooopic.com/); 51miz (https://www.51miz.com/); 58pic (https://www.58pic.com/); Ibaotu (https://ibaotu.com/),Source-site terms apply. Original source document is not redistributed by NEST.
330,zh,Workplace / HR,workflow/0-html_template/data_zh/330.html,新员工入职申请表,Source Websites: Ooopic (https://so.ooopic.com/); 51miz (https://www.51miz.com/); 58pic (https://www.58pic.com/); Ibaotu (https://ibaotu.com/),Source-site terms apply. Original source document is not redistributed by NEST.
331,zh,Workplace / HR,workflow/0-html_template/data_zh/331.html,员工入职登记表,Source Websites: Ooopic (https://so.ooopic.com/); 51miz (https://www.51miz.com/); 58pic (https://www.58pic.com/); Ibaotu (https://ibaotu.com/),Source-site terms apply. Original source document is not redistributed by NEST.
332,zh,Workplace / HR,workflow/0-html_template/data_zh/332.html,员工入职登记表,Source Websites: Ooopic (https://so.ooopic.com/); 51miz (https://www.51miz.com/); 58pic (https://www.58pic.com/); Ibaotu (https://ibaotu.com/),Source-site terms apply. Original source document is not redistributed by NEST.
333,zh,Education,workflow/0-html_template/data_zh/333.html,小升初信息登记表,Source Websites: Ooopic (https://so.ooopic.com/); 51miz (https://www.51miz.com/); 58pic (https://www.58pic.com/); Ibaotu (https://ibaotu.com/),Source-site terms apply. Original source document is not redistributed by NEST.
334,zh,Workplace / HR,workflow/0-html_template/data_zh/334.html,个人信息登记表,Source Websites: Ooopic (https://so.ooopic.com/); 51miz (https://www.51miz.com/); 58pic (https://www.58pic.com/); Ibaotu (https://ibaotu.com/),Source-site terms apply. Original source document is not redistributed by NEST.
335,zh,Workplace / HR,workflow/0-html_template/data_zh/335.html,员工入职个人信息登记表,Source Websites: Ooopic (https://so.ooopic.com/); 51miz (https://www.51miz.com/); 58pic (https://www.58pic.com/); Ibaotu (https://ibaotu.com/),Source-site terms apply. Original source document is not redistributed by NEST.
336,zh,Workplace / HR,workflow/0-html_template/data_zh/336.html,员工入职表,Source Websites: Ooopic (https://so.ooopic.com/); 51miz (https://www.51miz.com/); 58pic (https://www.58pic.com/); Ibaotu (https://ibaotu.com/),Source-site terms apply. Original source document is not redistributed by NEST.
337,zh,Education,workflow/0-html_template/data_zh/337.html,第十二中学足球运动员注册表,Source Websites: Ooopic (https://so.ooopic.com/); 51miz (https://www.51miz.com/); 58pic (https://www.58pic.com/); Ibaotu (https://ibaotu.com/),Source-site terms apply. Original source document is not redistributed by NEST.
338,zh,Business,workflow/0-html_template/data_zh/338.html,工程报价单,Source Websites: Ooopic (https://so.ooopic.com/); 51miz (https://www.51miz.com/); 58pic (https://www.58pic.com/); Ibaotu (https://ibaotu.com/),Source-site terms apply. Original source document is not redistributed by NEST.
339,zh,Workplace / HR,workflow/0-html_template/data_zh/339.html,解除(终止)劳动合同证明,Source Websites: Ooopic (https://so.ooopic.com/); 51miz (https://www.51miz.com/); 58pic (https://www.58pic.com/); Ibaotu (https://ibaotu.com/),Source-site terms apply. Original source document is not redistributed by NEST.
340,zh,Finance,workflow/0-html_template/data_zh/340.html,工程款对账单,Source Websites: Ooopic (https://so.ooopic.com/); 51miz (https://www.51miz.com/); 58pic (https://www.58pic.com/); Ibaotu (https://ibaotu.com/),Source-site terms apply. Original source document is not redistributed by NEST.
341,zh,Workplace / HR,workflow/0-html_template/data_zh/341.html,员工转正申请表,Source Websites: Ooopic (https://so.ooopic.com/); 51miz (https://www.51miz.com/); 58pic (https://www.58pic.com/); Ibaotu (https://ibaotu.com/),Source-site terms apply. Original source document is not redistributed by NEST.
342,zh,Workplace / HR,workflow/0-html_template/data_zh/342.html,政府劳动合同,Source Websites: Ooopic (https://so.ooopic.com/); 51miz (https://www.51miz.com/); 58pic (https://www.58pic.com/); Ibaotu (https://ibaotu.com/),Source-site terms apply. Original source document is not redistributed by NEST.
343,zh,Business,workflow/0-html_template/data_zh/343.html,项目验收表,Source Websites: Ooopic (https://so.ooopic.com/); 51miz (https://www.51miz.com/); 58pic (https://www.58pic.com/); Ibaotu (https://ibaotu.com/),Source-site terms apply. Original source document is not redistributed by NEST.
344,zh,Business,workflow/0-html_template/data_zh/344.html,展览展示类项目验收表,Source Websites: Ooopic (https://so.ooopic.com/); 51miz (https://www.51miz.com/); 58pic (https://www.58pic.com/); Ibaotu (https://ibaotu.com/),Source-site terms apply. Original source document is not redistributed by NEST.
345,zh,Workplace / HR,workflow/0-html_template/data_zh/345.html,个人求职简历表,Source Websites: Ooopic (https://so.ooopic.com/); 51miz (https://www.51miz.com/); 58pic (https://www.58pic.com/); Ibaotu (https://ibaotu.com/),Source-site terms apply. Original source document is not redistributed by NEST.
346,zh,Finance,workflow/0-html_template/data_zh/346.html,罚款通知单,Source Websites: Ooopic (https://so.ooopic.com/); 51miz (https://www.51miz.com/); 58pic (https://www.58pic.com/); Ibaotu (https://ibaotu.com/),Source-site terms apply. Original source document is not redistributed by NEST.
347,zh,Healthcare,workflow/0-html_template/data_zh/347.html,××××医院诊断证明,Source Websites: Ooopic (https://so.ooopic.com/); 51miz (https://www.51miz.com/); 58pic (https://www.58pic.com/); Ibaotu (https://ibaotu.com/),Source-site terms apply. Original source document is not redistributed by NEST.
348,zh,Gov. & Public Svc.,workflow/0-html_template/data_zh/348.html,公章使用审批表,Source Websites: Ooopic (https://so.ooopic.com/); 51miz (https://www.51miz.com/); 58pic (https://www.58pic.com/); Ibaotu (https://ibaotu.com/),Source-site terms apply. Original source document is not redistributed by NEST.
349,zh,Finance,workflow/0-html_template/data_zh/349.html,有价证券卖出委托书,Source Websites: Ooopic (https://so.ooopic.com/); 51miz (https://www.51miz.com/); 58pic (https://www.58pic.com/); Ibaotu (https://ibaotu.com/),Source-site terms apply. Original source document is not redistributed by NEST.
350,zh,Business,workflow/0-html_template/data_zh/350.html,竞争商店比较表,Source Websites: Ooopic (https://so.ooopic.com/); 51miz (https://www.51miz.com/); 58pic (https://www.58pic.com/); Ibaotu (https://ibaotu.com/),Source-site terms apply. Original source document is not redistributed by NEST.
351,zh,Workplace / HR,workflow/0-html_template/data_zh/351.html,员工购买社保申请表,Source Websites: Ooopic (https://so.ooopic.com/); 51miz (https://www.51miz.com/); 58pic (https://www.58pic.com/); Ibaotu (https://ibaotu.com/),Source-site terms apply. Original source document is not redistributed by NEST.
352,zh,Workplace / HR,workflow/0-html_template/data_zh/352.html,个 人 简 历,Source Websites: Ooopic (https://so.ooopic.com/); 51miz (https://www.51miz.com/); 58pic (https://www.58pic.com/); Ibaotu (https://ibaotu.com/),Source-site terms apply. Original source document is not redistributed by NEST.
353,zh,Business,workflow/0-html_template/data_zh/353.html,建筑装修工程竣工验收表,Source Websites: Ooopic (https://so.ooopic.com/); 51miz (https://www.51miz.com/); 58pic (https://www.58pic.com/); Ibaotu (https://ibaotu.com/),Source-site terms apply. Original source document is not redistributed by NEST.
354,zh,Gov. & Public Svc.,workflow/0-html_template/data_zh/354.html,公章使用申请表,Source Websites: Ooopic (https://so.ooopic.com/); 51miz (https://www.51miz.com/); 58pic (https://www.58pic.com/); Ibaotu (https://ibaotu.com/),Source-site terms apply. Original source document is not redistributed by NEST.
355,zh,Finance,workflow/0-html_template/data_zh/355.html,公司财务费用报销单,Source Websites: Ooopic (https://so.ooopic.com/); 51miz (https://www.51miz.com/); 58pic (https://www.58pic.com/); Ibaotu (https://ibaotu.com/),Source-site terms apply. Original source document is not redistributed by NEST.
356,zh,Gov. & Public Svc.,workflow/0-html_template/data_zh/356.html,社会保险注销登记表,Source Websites: Ooopic (https://so.ooopic.com/); 51miz (https://www.51miz.com/); 58pic (https://www.58pic.com/); Ibaotu (https://ibaotu.com/),Source-site terms apply. Original source document is not redistributed by NEST.
357,zh,Business,workflow/0-html_template/data_zh/357.html,客户投诉问题记录表,Source Websites: Ooopic (https://so.ooopic.com/); 51miz (https://www.51miz.com/); 58pic (https://www.58pic.com/); Ibaotu (https://ibaotu.com/),Source-site terms apply. Original source document is not redistributed by NEST.
358,zh,Business,workflow/0-html_template/data_zh/358.html,装修工程竣工验收单,Source Websites: Ooopic (https://so.ooopic.com/); 51miz (https://www.51miz.com/); 58pic (https://www.58pic.com/); Ibaotu (https://ibaotu.com/),Source-site terms apply. Original source document is not redistributed by NEST.
359,zh,Business,workflow/0-html_template/data_zh/359.html,装修工程竣工验收单,Source Websites: Ooopic (https://so.ooopic.com/); 51miz (https://www.51miz.com/); 58pic (https://www.58pic.com/); Ibaotu (https://ibaotu.com/),Source-site terms apply. Original source document is not redistributed by NEST.
360,zh,Workplace / HR,workflow/0-html_template/data_zh/360.html,员工辞职申请表,Source Websites: Ooopic (https://so.ooopic.com/); 51miz (https://www.51miz.com/); 58pic (https://www.58pic.com/); Ibaotu (https://ibaotu.com/),Source-site terms apply. Original source document is not redistributed by NEST.
361,zh,Business,workflow/0-html_template/data_zh/361.html,业务招待费明细表,Source Websites: Ooopic (https://so.ooopic.com/); 51miz (https://www.51miz.com/); 58pic (https://www.58pic.com/); Ibaotu (https://ibaotu.com/),Source-site terms apply. Original source document is not redistributed by NEST.
362,zh,Finance,workflow/0-html_template/data_zh/362.html,车险经营结构情况统计表,Source Websites: Ooopic (https://so.ooopic.com/); 51miz (https://www.51miz.com/); 58pic (https://www.58pic.com/); Ibaotu (https://ibaotu.com/),Source-site terms apply. Original source document is not redistributed by NEST.
363,zh,Workplace / HR,workflow/0-html_template/data_zh/363.html,工作计划表,Source Websites: Ooopic (https://so.ooopic.com/); 51miz (https://www.51miz.com/); 58pic (https://www.58pic.com/); Ibaotu (https://ibaotu.com/),Source-site terms apply. Original source document is not redistributed by NEST.
364,zh,Business,workflow/0-html_template/data_zh/364.html,客户问题收集表,Source Websites: Ooopic (https://so.ooopic.com/); 51miz (https://www.51miz.com/); 58pic (https://www.58pic.com/); Ibaotu (https://ibaotu.com/),Source-site terms apply. Original source document is not redistributed by NEST.
365,zh,Finance,workflow/0-html_template/data_zh/365.html,车辆费用统计表,Source Websites: Ooopic (https://so.ooopic.com/); 51miz (https://www.51miz.com/); 58pic (https://www.58pic.com/); Ibaotu (https://ibaotu.com/),Source-site terms apply. Original source document is not redistributed by NEST.
366,zh,Workplace / HR,workflow/0-html_template/data_zh/366.html,新媒体推广专员岗位说明书,Source Websites: Ooopic (https://so.ooopic.com/); 51miz (https://www.51miz.com/); 58pic (https://www.58pic.com/); Ibaotu (https://ibaotu.com/),Source-site terms apply. Original source document is not redistributed by NEST.
367,zh,Business,workflow/0-html_template/data_zh/367.html,小区设备房钥匙移交清单,Source Websites: Ooopic (https://so.ooopic.com/); 51miz (https://www.51miz.com/); 58pic (https://www.58pic.com/); Ibaotu (https://ibaotu.com/),Source-site terms apply. Original source document is not redistributed by NEST.
368,zh,Finance,workflow/0-html_template/data_zh/368.html,费用报销单,Source Websites: Ooopic (https://so.ooopic.com/); 51miz (https://www.51miz.com/); 58pic (https://www.58pic.com/); Ibaotu (https://ibaotu.com/),Source-site terms apply. Original source document is not redistributed by NEST.
369,zh,Business,workflow/0-html_template/data_zh/369.html,工程整改通知单,Source Websites: Ooopic (https://so.ooopic.com/); 51miz (https://www.51miz.com/); 58pic (https://www.58pic.com/); Ibaotu (https://ibaotu.com/),Source-site terms apply. Original source document is not redistributed by NEST.
370,zh,Healthcare,workflow/0-html_template/data_zh/370.html,诊断证明书,Source Websites: Ooopic (https://so.ooopic.com/); 51miz (https://www.51miz.com/); 58pic (https://www.58pic.com/); Ibaotu (https://ibaotu.com/),Source-site terms apply. Original source document is not redistributed by NEST.
371,zh,Business,workflow/0-html_template/data_zh/371.html,采购金额授权表,Source Websites: Ooopic (https://so.ooopic.com/); 51miz (https://www.51miz.com/); 58pic (https://www.58pic.com/); Ibaotu (https://ibaotu.com/),Source-site terms apply. Original source document is not redistributed by NEST.
372,zh,Business,workflow/0-html_template/data_zh/372.html,部门会议纪要,Source Websites: Ooopic (https://so.ooopic.com/); 51miz (https://www.51miz.com/); 58pic (https://www.58pic.com/); Ibaotu (https://ibaotu.com/),Source-site terms apply. Original source document is not redistributed by NEST.
373,zh,Finance,workflow/0-html_template/data_zh/373.html,申付单,Source Websites: Ooopic (https://so.ooopic.com/); 51miz (https://www.51miz.com/); 58pic (https://www.58pic.com/); Ibaotu (https://ibaotu.com/),Source-site terms apply. Original source document is not redistributed by NEST.
374,zh,Workplace / HR,workflow/0-html_template/data_zh/374.html,试用查看通知,Source Websites: Ooopic (https://so.ooopic.com/); 51miz (https://www.51miz.com/); 58pic (https://www.58pic.com/); Ibaotu (https://ibaotu.com/),Source-site terms apply. Original source document is not redistributed by NEST.
375,zh,Workplace / HR,workflow/0-html_template/data_zh/375.html,人员试用标准,Source Websites: Ooopic (https://so.ooopic.com/); 51miz (https://www.51miz.com/); 58pic (https://www.58pic.com/); Ibaotu (https://ibaotu.com/),Source-site terms apply. Original source document is not redistributed by NEST.
376,zh,Business,workflow/0-html_template/data_zh/376.html,废料处理报告,Source Websites: Ooopic (https://so.ooopic.com/); 51miz (https://www.51miz.com/); 58pic (https://www.58pic.com/); Ibaotu (https://ibaotu.com/),Source-site terms apply. Original source document is not redistributed by NEST.
377,zh,Business,workflow/0-html_template/data_zh/377.html,财产记录保管表,Source Websites: Ooopic (https://so.ooopic.com/); 51miz (https://www.51miz.com/); 58pic (https://www.58pic.com/); Ibaotu (https://ibaotu.com/),Source-site terms apply. Original source document is not redistributed by NEST.
378,zh,Business,workflow/0-html_template/data_zh/378.html,原料耗用分析表,Source Websites: Ooopic (https://so.ooopic.com/); 51miz (https://www.51miz.com/); 58pic (https://www.58pic.com/); Ibaotu (https://ibaotu.com/),Source-site terms apply. Original source document is not redistributed by NEST.
379,zh,Workplace / HR,workflow/0-html_template/data_zh/379.html,占用面积计算表,Source Websites: Ooopic (https://so.ooopic.com/); 51miz (https://www.51miz.com/); 58pic (https://www.58pic.com/); Ibaotu (https://ibaotu.com/),Source-site terms apply. Original source document is not redistributed by NEST.
380,zh,Business,workflow/0-html_template/data_zh/380.html,成品缴库单,Source Websites: Ooopic (https://so.ooopic.com/); 51miz (https://www.51miz.com/); 58pic (https://www.58pic.com/); Ibaotu (https://ibaotu.com/),Source-site terms apply. Original source document is not redistributed by NEST.
381,zh,Workplace / HR,workflow/0-html_template/data_zh/381.html,员工子女教育奖助金申请单,Source Websites: Ooopic (https://so.ooopic.com/); 51miz (https://www.51miz.com/); 58pic (https://www.58pic.com/); Ibaotu (https://ibaotu.com/),Source-site terms apply. Original source document is not redistributed by NEST.
382,zh,Business,workflow/0-html_template/data_zh/382.html,当天部属的行动掌握表,Source Websites: Ooopic (https://so.ooopic.com/); 51miz (https://www.51miz.com/); 58pic (https://www.58pic.com/); Ibaotu (https://ibaotu.com/),Source-site terms apply. Original source document is not redistributed by NEST.
383,zh,Business,workflow/0-html_template/data_zh/383.html,当天领导的行动掌握表,Source Websites: Ooopic (https://so.ooopic.com/); 51miz (https://www.51miz.com/); 58pic (https://www.58pic.com/); Ibaotu (https://ibaotu.com/),Source-site terms apply. Original source document is not redistributed by NEST.
384,zh,Business,workflow/0-html_template/data_zh/384.html,财产增加单,Source Websites: Ooopic (https://so.ooopic.com/); 51miz (https://www.51miz.com/); 58pic (https://www.58pic.com/); Ibaotu (https://ibaotu.com/),Source-site terms apply. Original source document is not redistributed by NEST.
385,zh,Business,workflow/0-html_template/data_zh/385.html,深入市场可能性判定表,Source Websites: Ooopic (https://so.ooopic.com/); 51miz (https://www.51miz.com/); 58pic (https://www.58pic.com/); Ibaotu (https://ibaotu.com/),Source-site terms apply. Original source document is not redistributed by NEST.
386,zh,Education,workflow/0-html_template/data_zh/386.html,助学金申请表,Source Websites: Ooopic (https://so.ooopic.com/); 51miz (https://www.51miz.com/); 58pic (https://www.58pic.com/); Ibaotu (https://ibaotu.com/),Source-site terms apply. Original source document is not redistributed by NEST.
387,zh,Education,workflow/0-html_template/data_zh/387.html,助学金申请表,Source Websites: Ooopic (https://so.ooopic.com/); 51miz (https://www.51miz.com/); 58pic (https://www.58pic.com/); Ibaotu (https://ibaotu.com/),Source-site terms apply. Original source document is not redistributed by NEST.
388,zh,Workplace / HR,workflow/0-html_template/data_zh/388.html,工资登记表,Source Websites: Ooopic (https://so.ooopic.com/); 51miz (https://www.51miz.com/); 58pic (https://www.58pic.com/); Ibaotu (https://ibaotu.com/),Source-site terms apply. Original source document is not redistributed by NEST.
389,zh,Business,workflow/0-html_template/data_zh/389.html,领油单,Source Websites: Ooopic (https://so.ooopic.com/); 51miz (https://www.51miz.com/); 58pic (https://www.58pic.com/); Ibaotu (https://ibaotu.com/),Source-site terms apply. Original source document is not redistributed by NEST.
390,zh,Gov. & Public Svc.,workflow/0-html_template/data_zh/390.html,交通事故违规报告表,Source Websites: Ooopic (https://so.ooopic.com/); 51miz (https://www.51miz.com/); 58pic (https://www.58pic.com/); Ibaotu (https://ibaotu.com/),Source-site terms apply. Original source document is not redistributed by NEST.
391,zh,Workplace / HR,workflow/0-html_template/data_zh/391.html,总务部门业务能力分析表,Source Websites: Ooopic (https://so.ooopic.com/); 51miz (https://www.51miz.com/); 58pic (https://www.58pic.com/); Ibaotu (https://ibaotu.com/),Source-site terms apply. Original source document is not redistributed by NEST.
392,zh,Workplace / HR,workflow/0-html_template/data_zh/392.html,文件保管备查簿,Source Websites: Ooopic (https://so.ooopic.com/); 51miz (https://www.51miz.com/); 58pic (https://www.58pic.com/); Ibaotu (https://ibaotu.com/),Source-site terms apply. Original source document is not redistributed by NEST.
393,zh,Business,workflow/0-html_template/data_zh/393.html,订购确定或更改通知单,Source Websites: Ooopic (https://so.ooopic.com/); 51miz (https://www.51miz.com/); 58pic (https://www.58pic.com/); Ibaotu (https://ibaotu.com/),Source-site terms apply. Original source document is not redistributed by NEST.
394,zh,Business,workflow/0-html_template/data_zh/394.html,退料缴库单,Source Websites: Ooopic (https://so.ooopic.com/); 51miz (https://www.51miz.com/); 58pic (https://www.58pic.com/); Ibaotu (https://ibaotu.com/),Source-site terms apply. Original source document is not redistributed by NEST.
395,zh,Finance,workflow/0-html_template/data_zh/395.html,出差旅费报销清单,Source Websites: Ooopic (https://so.ooopic.com/); 51miz (https://www.51miz.com/); 58pic (https://www.58pic.com/); Ibaotu (https://ibaotu.com/),Source-site terms apply. Original source document is not redistributed by NEST.
396,zh,Workplace / HR,workflow/0-html_template/data_zh/396.html,人力计划,Source Websites: Ooopic (https://so.ooopic.com/); 51miz (https://www.51miz.com/); 58pic (https://www.58pic.com/); Ibaotu (https://ibaotu.com/),Source-site terms apply. Original source document is not redistributed by NEST.
397,zh,Finance,workflow/0-html_template/data_zh/397.html,发票签收回执单,Source Websites: Ooopic (https://so.ooopic.com/); 51miz (https://www.51miz.com/); 58pic (https://www.58pic.com/); Ibaotu (https://ibaotu.com/),Source-site terms apply. Original source document is not redistributed by NEST.
398,zh,Business,workflow/0-html_template/data_zh/398.html,销 售 合 同,Source Websites: Ooopic (https://so.ooopic.com/); 51miz (https://www.51miz.com/); 58pic (https://www.58pic.com/); Ibaotu (https://ibaotu.com/),Source-site terms apply. Original source document is not redistributed by NEST.
399,zh,Gov. & Public Svc.,workflow/0-html_template/data_zh/399.html,授权委托书,Source Websites: Ooopic (https://so.ooopic.com/); 51miz (https://www.51miz.com/); 58pic (https://www.58pic.com/); Ibaotu (https://ibaotu.com/),Source-site terms apply. Original source document is not redistributed by NEST.
400,zh,Finance,workflow/0-html_template/data_zh/400.html,收入证明,Source Websites: Ooopic (https://so.ooopic.com/); 51miz (https://www.51miz.com/); 58pic (https://www.58pic.com/); Ibaotu (https://ibaotu.com/),Source-site terms apply. Original source document is not redistributed by NEST.
401,zh,Gov. & Public Svc.,workflow/0-html_template/data_zh/401.html,企业注册登记表,Source Websites: Ooopic (https://so.ooopic.com/); 51miz (https://www.51miz.com/); 58pic (https://www.58pic.com/); Ibaotu (https://ibaotu.com/),Source-site terms apply. Original source document is not redistributed by NEST.
402,zh,Gov. & Public Svc.,workflow/0-html_template/data_zh/402.html,企业注册主要情况,Source Websites: Ooopic (https://so.ooopic.com/); 51miz (https://www.51miz.com/); 58pic (https://www.58pic.com/); Ibaotu (https://ibaotu.com/),Source-site terms apply. Original source document is not redistributed by NEST.
403,zh,Business,workflow/0-html_template/data_zh/403.html,发明专利,Source Websites: Ooopic (https://so.ooopic.com/); 51miz (https://www.51miz.com/); 58pic (https://www.58pic.com/); Ibaotu (https://ibaotu.com/),Source-site terms apply. Original source document is not redistributed by NEST.
404,zh,Workplace / HR,workflow/0-html_template/data_zh/404.html,企业人员结构统计表,Source Websites: Ooopic (https://so.ooopic.com/); 51miz (https://www.51miz.com/); 58pic (https://www.58pic.com/); Ibaotu (https://ibaotu.com/),Source-site terms apply. Original source document is not redistributed by NEST.
405,zh,Business,workflow/0-html_template/data_zh/405.html,企业研究开发活动情况表,Source Websites: Ooopic (https://so.ooopic.com/); 51miz (https://www.51miz.com/); 58pic (https://www.58pic.com/); Ibaotu (https://ibaotu.com/),Source-site terms apply. Original source document is not redistributed by NEST.
406,zh,Finance,workflow/0-html_template/data_zh/406.html,企业年度研究开发费用结构明细表,Source Websites: Ooopic (https://so.ooopic.com/); 51miz (https://www.51miz.com/); 58pic (https://www.58pic.com/); Ibaotu (https://ibaotu.com/),Source-site terms apply. Original source document is not redistributed by NEST.
407,zh,Business,workflow/0-html_template/data_zh/407.html,上年度高新技术产品情况表,Source Websites: Ooopic (https://so.ooopic.com/); 51miz (https://www.51miz.com/); 58pic (https://www.58pic.com/); Ibaotu (https://ibaotu.com/),Source-site terms apply. Original source document is not redistributed by NEST.
408,zh,Business,workflow/0-html_template/data_zh/408.html,企业创新能力,Source Websites: Ooopic (https://so.ooopic.com/); 51miz (https://www.51miz.com/); 58pic (https://www.58pic.com/); Ibaotu (https://ibaotu.com/),Source-site terms apply. Original source document is not redistributed by NEST.
409,zh,Gov. & Public Svc.,workflow/0-html_template/data_zh/409.html,企业参与国家标准或行业标准制定情况汇总表,Source Websites: Ooopic (https://so.ooopic.com/); 51miz (https://www.51miz.com/); 58pic (https://www.58pic.com/); Ibaotu (https://ibaotu.com/),Source-site terms apply. Original source document is not redistributed by NEST.
410,zh,Finance,workflow/0-html_template/data_zh/410.html,企业认定创新情况补充表,Source Websites: Ooopic (https://so.ooopic.com/); 51miz (https://www.51miz.com/); 58pic (https://www.58pic.com/); Ibaotu (https://ibaotu.com/),Source-site terms apply. Original source document is not redistributed by NEST.
411,zh,Business,workflow/0-html_template/data_zh/411.html,科技成果转化能力情况汇总表,Source Websites: Ooopic (https://so.ooopic.com/); 51miz (https://www.51miz.com/); 58pic (https://www.58pic.com/); Ibaotu (https://ibaotu.com/),Source-site terms apply. Original source document is not redistributed by NEST.
412,zh,Education,workflow/0-html_template/data_zh/412.html,晋升评估人员基本情况,Source Websites: Ooopic (https://so.ooopic.com/); 51miz (https://www.51miz.com/); 58pic (https://www.58pic.com/); Ibaotu (https://ibaotu.com/),Source-site terms apply. Original source document is not redistributed by NEST.
413,zh,Education,workflow/0-html_template/data_zh/413.html,完成教学工作情况,Source Websites: Ooopic (https://so.ooopic.com/); 51miz (https://www.51miz.com/); 58pic (https://www.58pic.com/); Ibaotu (https://ibaotu.com/),Source-site terms apply. Original source document is not redistributed by NEST.
414,zh,Education,workflow/0-html_template/data_zh/414.html,主要学术成就表,Source Websites: Ooopic (https://so.ooopic.com/); 51miz (https://www.51miz.com/); 58pic (https://www.58pic.com/); Ibaotu (https://ibaotu.com/),Source-site terms apply. Original source document is not redistributed by NEST.
